f, omegaSens, omegaSW
1e-06, 0.00116723, 3.56182e-24
1.0081e-06, 0.00113933, 3.64908e-24
1.01626e-06, 0.0011121, 3.73841e-24
1.02448e-06, 0.00108552, 3.82986e-24
1.03278e-06, 0.00105958, 3.9237e-24
1.04114e-06, 0.00103426, 4.01976e-24
1.04957e-06, 0.00100954, 4.11819e-24
1.05806e-06, 0.000985415, 4.21894e-24
1.06663e-06, 0.000961864, 4.32229e-24
1.07527e-06, 0.000938877, 4.42818e-24
1.08397e-06, 0.000916439, 4.53653e-24
1.09275e-06, 0.000894537, 4.64766e-24
1.10159e-06, 0.000873158, 4.76137e-24
1.11051e-06, 0.000852291, 4.87798e-24
1.1195e-06, 0.000831922, 4.9974e-24
1.12856e-06, 0.00081204, 5.11972e-24
1.1377e-06, 0.000792633, 5.24512e-24
1.14691e-06, 0.00077369, 5.37354e-24
1.1562e-06, 0.0007552, 5.50517e-24
1.16556e-06, 0.000737151, 5.63996e-24
1.17499e-06, 0.000719534, 5.77796e-24
1.1845e-06, 0.000702338, 5.91939e-24
1.19409e-06, 0.000685553, 6.06433e-24
1.20376e-06, 0.000669169, 6.21286e-24
1.21351e-06, 0.000653177, 6.36505e-24
1.22333e-06, 0.000637566, 6.52083e-24
1.23323e-06, 0.000622329, 6.68042e-24
1.24322e-06, 0.000607456, 6.84409e-24
1.25328e-06, 0.000592939, 7.01158e-24
1.26343e-06, 0.000578768, 7.18332e-24
1.27366e-06, 0.000564936, 7.35923e-24
1.28397e-06, 0.000551435, 7.53939e-24
1.29436e-06, 0.000538256, 7.7239e-24
1.30484e-06, 0.000525393, 7.91304e-24
1.31541e-06, 0.000512836, 8.1069e-24
1.32605e-06, 0.00050058, 8.30522e-24
1.33679e-06, 0.000488617, 8.50866e-24
1.34761e-06, 0.00047694, 8.71694e-24
1.35852e-06, 0.000465541, 8.93037e-24
1.36952e-06, 0.000454415, 9.14906e-24
1.38061e-06, 0.000443555, 9.37313e-24
1.39178e-06, 0.000432955, 9.60247e-24
1.40305e-06, 0.000422608, 9.83764e-24
1.41441e-06, 0.000412508, 1.00785e-23
1.42586e-06, 0.000402649, 1.03253e-23
1.4374e-06, 0.000393027, 1.0578e-23
1.44904e-06, 0.000383634, 1.08371e-23
1.46077e-06, 0.000374465, 1.11024e-23
1.4726e-06, 0.000365516, 1.13743e-23
1.48452e-06, 0.000356781, 1.16528e-23
1.49654e-06, 0.000348254, 1.19381e-23
1.50865e-06, 0.000339931, 1.22303e-23
1.52087e-06, 0.000331807, 1.25299e-23
1.53318e-06, 0.000323877, 1.28366e-23
1.54559e-06, 0.000316137, 1.31508e-23
1.5581e-06, 0.000308582, 1.34728e-23
1.57072e-06, 0.000301207, 1.38028e-23
1.58343e-06, 0.000294009, 1.41406e-23
1.59625e-06, 0.000286982, 1.44868e-23
1.60918e-06, 0.000280124, 1.48417e-23
1.6222e-06, 0.000273429, 1.52049e-23
1.63534e-06, 0.000266894, 1.55774e-23
1.64857e-06, 0.000260516, 1.59585e-23
1.66192e-06, 0.00025429, 1.63494e-23
1.67538e-06, 0.000248213, 1.67498e-23
1.68894e-06, 0.000242281, 1.71598e-23
1.70261e-06, 0.000236491, 1.75799e-23
1.7164e-06, 0.000230839, 1.80105e-23
1.73029e-06, 0.000225322, 1.84513e-23
1.7443e-06, 0.000219937, 1.89031e-23
1.75842e-06, 0.000214681, 1.93659e-23
1.77266e-06, 0.00020955, 1.98402e-23
1.78701e-06, 0.000204542, 2.0326e-23
1.80147e-06, 0.000199654, 2.08234e-23
1.81606e-06, 0.000194883, 2.13334e-23
1.83076e-06, 0.000190225, 2.18557e-23
1.84558e-06, 0.000185679, 2.23907e-23
1.86052e-06, 0.000181242, 2.29389e-23
1.87558e-06, 0.00017691, 2.35005e-23
1.89077e-06, 0.000172682, 2.40761e-23
1.90608e-06, 0.000168555, 2.46657e-23
1.92151e-06, 0.000164527, 2.52695e-23
1.93706e-06, 0.000160595, 2.5888e-23
1.95274e-06, 0.000156757, 2.65218e-23
1.96855e-06, 0.000153011, 2.71712e-23
1.98449e-06, 0.000149354, 2.78366e-23
2.00056e-06, 0.000145785, 2.85183e-23
2.01675e-06, 0.000142301, 2.92163e-23
2.03308e-06, 0.0001389, 2.99318e-23
2.04954e-06, 0.00013558, 3.06647e-23
2.06613e-06, 0.00013234, 3.14153e-23
2.08286e-06, 0.000129177, 3.21847e-23
2.09972e-06, 0.00012609, 3.29726e-23
2.11672e-06, 0.000123077, 3.37799e-23
2.13385e-06, 0.000120135, 3.46067e-23
2.15113e-06, 0.000117264, 3.54543e-23
2.16854e-06, 0.000114462, 3.63221e-23
2.1861e-06, 0.000111727, 3.72116e-23
2.2038e-06, 0.000109056, 3.81228e-23
2.22164e-06, 0.00010645, 3.90561e-23
2.23962e-06, 0.000103906, 4.00121e-23
2.25776e-06, 0.000101423, 4.09922e-23
2.27603e-06, 9.89991e-05, 4.19954e-23
2.29446e-06, 9.66331e-05, 4.30238e-23
2.31303e-06, 9.43237e-05, 4.40769e-23
2.33176e-06, 9.20695e-05, 4.51564e-23
2.35064e-06, 8.98692e-05, 4.62621e-23
2.36967e-06, 8.77215e-05, 4.73948e-23
2.38885e-06, 8.56251e-05, 4.8555e-23
2.40819e-06, 8.35788e-05, 4.97438e-23
2.42769e-06, 8.15814e-05, 5.0962e-23
2.44734e-06, 7.96317e-05, 5.22095e-23
2.46715e-06, 7.77286e-05, 5.34876e-23
2.48713e-06, 7.5871e-05, 5.47977e-23
2.50726e-06, 7.40578e-05, 5.6139e-23
2.52756e-06, 7.2288e-05, 5.75136e-23
2.54802e-06, 7.05604e-05, 5.89216e-23
2.56865e-06, 6.88741e-05, 6.03644e-23
2.58944e-06, 6.72281e-05, 6.1842e-23
2.61041e-06, 6.56215e-05, 6.33566e-23
2.63154e-06, 6.40533e-05, 6.49076e-23
2.65284e-06, 6.25225e-05, 6.64965e-23
2.67432e-06, 6.10283e-05, 6.81249e-23
2.69597e-06, 5.95698e-05, 6.97928e-23
2.7178e-06, 5.81462e-05, 7.15019e-23
2.7398e-06, 5.67566e-05, 7.32524e-23
2.76198e-06, 5.54002e-05, 7.50458e-23
2.78434e-06, 5.40763e-05, 7.68832e-23
2.80688e-06, 5.27839e-05, 7.87655e-23
2.82961e-06, 5.15225e-05, 8.06946e-23
2.85251e-06, 5.02912e-05, 8.26696e-23
2.87561e-06, 4.90893e-05, 8.46943e-23
2.89889e-06, 4.79162e-05, 8.6768e-23
2.92235e-06, 4.67711e-05, 8.88916e-23
2.94601e-06, 4.56533e-05, 9.10681e-23
2.96986e-06, 4.45623e-05, 9.32978e-23
2.99391e-06, 4.34973e-05, 9.55828e-23
3.01814e-06, 4.24578e-05, 9.79223e-23
3.04258e-06, 4.14432e-05, 1.0032e-22
3.06721e-06, 4.04528e-05, 1.02776e-22
3.09204e-06, 3.9486e-05, 1.05293e-22
3.11707e-06, 3.85424e-05, 1.0787e-22
3.14231e-06, 3.76213e-05, 1.10512e-22
3.16775e-06, 3.67222e-05, 1.13218e-22
3.19339e-06, 3.58446e-05, 1.15989e-22
3.21924e-06, 3.4988e-05, 1.18829e-22
3.24531e-06, 3.41519e-05, 1.21739e-22
3.27158e-06, 3.33357e-05, 1.24719e-22
3.29806e-06, 3.25391e-05, 1.27772e-22
3.32476e-06, 3.17614e-05, 1.30901e-22
3.35168e-06, 3.10024e-05, 1.34106e-22
3.37881e-06, 3.02615e-05, 1.37389e-22
3.40617e-06, 2.95383e-05, 1.40754e-22
3.43374e-06, 2.88324e-05, 1.44199e-22
3.46154e-06, 2.81434e-05, 1.4773e-22
3.48957e-06, 2.74708e-05, 1.51348e-22
3.51782e-06, 2.68143e-05, 1.55053e-22
3.5463e-06, 2.61735e-05, 1.5885e-22
3.575e-06, 2.5548e-05, 1.62737e-22
3.60395e-06, 2.49375e-05, 1.66723e-22
3.63312e-06, 2.43415e-05, 1.70804e-22
3.66254e-06, 2.37598e-05, 1.74987e-22
3.69219e-06, 2.3192e-05, 1.79271e-22
3.72208e-06, 2.26378e-05, 1.8366e-22
3.75221e-06, 2.20968e-05, 1.88156e-22
3.78259e-06, 2.15687e-05, 1.92764e-22
3.81321e-06, 2.10533e-05, 1.97483e-22
3.84408e-06, 2.05502e-05, 2.02318e-22
3.8752e-06, 2.00591e-05, 2.07271e-22
3.90657e-06, 1.95797e-05, 2.12346e-22
3.9382e-06, 1.91118e-05, 2.17545e-22
3.97008e-06, 1.86551e-05, 2.22871e-22
4.00222e-06, 1.82093e-05, 2.28328e-22
4.03462e-06, 1.77741e-05, 2.33918e-22
4.06729e-06, 1.73494e-05, 2.39646e-22
4.10021e-06, 1.69348e-05, 2.45512e-22
4.13341e-06, 1.65301e-05, 2.51524e-22
4.16687e-06, 1.6135e-05, 2.57682e-22
4.2006e-06, 1.57495e-05, 2.6399e-22
4.23461e-06, 1.53731e-05, 2.70454e-22
4.26889e-06, 1.50057e-05, 2.77075e-22
4.30345e-06, 1.46471e-05, 2.83859e-22
4.33829e-06, 1.42971e-05, 2.90809e-22
4.37341e-06, 1.39554e-05, 2.97929e-22
4.40882e-06, 1.36219e-05, 3.05224e-22
4.44451e-06, 1.32964e-05, 3.12697e-22
4.48049e-06, 1.29787e-05, 3.20352e-22
4.51676e-06, 1.26685e-05, 3.28195e-22
4.55333e-06, 1.23658e-05, 3.36231e-22
4.59019e-06, 1.20703e-05, 3.44463e-22
4.62735e-06, 1.17818e-05, 3.52896e-22
4.66481e-06, 1.15003e-05, 3.61536e-22
4.70258e-06, 1.12255e-05, 3.70388e-22
4.74065e-06, 1.09572e-05, 3.79457e-22
4.77903e-06, 1.06954e-05, 3.88747e-22
4.81772e-06, 1.04398e-05, 3.98265e-22
4.85672e-06, 1.01903e-05, 4.08015e-22
4.89604e-06, 9.94679e-06, 4.18005e-22
4.93568e-06, 9.7091e-06, 4.2824e-22
4.97563e-06, 9.47708e-06, 4.38723e-22
5.01592e-06, 9.25061e-06, 4.49466e-22
5.05652e-06, 9.02956e-06, 4.60469e-22
5.09746e-06, 8.81378e-06, 4.71744e-22
5.13873e-06, 8.60316e-06, 4.83294e-22
5.18033e-06, 8.39758e-06, 4.95126e-22
5.22227e-06, 8.19691e-06, 5.07249e-22
5.26454e-06, 8.00103e-06, 5.19665e-22
5.30716e-06, 7.80984e-06, 5.32388e-22
5.35013e-06, 7.62321e-06, 5.45424e-22
5.39344e-06, 7.44104e-06, 5.58777e-22
5.4371e-06, 7.26323e-06, 5.72456e-22
5.48112e-06, 7.08967e-06, 5.86473e-22
5.52549e-06, 6.92025e-06, 6.0083e-22
5.57023e-06, 6.75489e-06, 6.15543e-22
5.61532e-06, 6.59347e-06, 6.30611e-22
5.66078e-06, 6.43592e-06, 6.46051e-22
5.70661e-06, 6.28213e-06, 6.61868e-22
5.75281e-06, 6.13201e-06, 6.78073e-22
5.79938e-06, 5.98548e-06, 6.94673e-22
5.84633e-06, 5.84245e-06, 7.11681e-22
5.89366e-06, 5.70284e-06, 7.29105e-22
5.94137e-06, 5.56657e-06, 7.46954e-22
5.98947e-06, 5.43355e-06, 7.65242e-22
6.03796e-06, 5.30372e-06, 7.83977e-22
6.08684e-06, 5.17698e-06, 8.03171e-22
6.13612e-06, 5.05328e-06, 8.22835e-22
6.1858e-06, 4.93253e-06, 8.42982e-22
6.23588e-06, 4.81466e-06, 8.63621e-22
6.28636e-06, 4.69962e-06, 8.84763e-22
6.33725e-06, 4.58732e-06, 9.06423e-22
6.38856e-06, 4.4777e-06, 9.28617e-22
6.44028e-06, 4.37071e-06, 9.51352e-22
6.49241e-06, 4.26627e-06, 9.7464e-22
6.54497e-06, 4.16433e-06, 9.98501e-22
6.59796e-06, 4.06482e-06, 1.02295e-21
6.65138e-06, 3.9677e-06, 1.048e-21
6.70522e-06, 3.87289e-06, 1.07365e-21
6.75951e-06, 3.78035e-06, 1.09994e-21
6.81423e-06, 3.69002e-06, 1.12687e-21
6.86939e-06, 3.60185e-06, 1.15445e-21
6.92501e-06, 3.51578e-06, 1.18272e-21
6.98107e-06, 3.43178e-06, 1.21167e-21
7.03759e-06, 3.34978e-06, 1.24134e-21
7.09456e-06, 3.26974e-06, 1.27173e-21
7.152e-06, 3.19161e-06, 1.30286e-21
7.2099e-06, 3.11535e-06, 1.33476e-21
7.26826e-06, 3.04091e-06, 1.36743e-21
7.32711e-06, 2.96825e-06, 1.40091e-21
7.38642e-06, 2.89733e-06, 1.43521e-21
7.44622e-06, 2.8281e-06, 1.47034e-21
7.5065e-06, 2.76053e-06, 1.50634e-21
7.56727e-06, 2.69457e-06, 1.54322e-21
7.62854e-06, 2.63019e-06, 1.581e-21
7.69029e-06, 2.56735e-06, 1.6197e-21
7.75255e-06, 2.506e-06, 1.65936e-21
7.81531e-06, 2.44613e-06, 1.69998e-21
7.87858e-06, 2.38768e-06, 1.7416e-21
7.94237e-06, 2.33063e-06, 1.78424e-21
8.00667e-06, 2.27495e-06, 1.82792e-21
8.07149e-06, 2.22059e-06, 1.87267e-21
8.13683e-06, 2.16754e-06, 1.91852e-21
8.2027e-06, 2.11575e-06, 1.96548e-21
8.26911e-06, 2.0652e-06, 2.0136e-21
8.33605e-06, 2.01586e-06, 2.06289e-21
8.40354e-06, 1.96769e-06, 2.1134e-21
8.47157e-06, 1.92068e-06, 2.16513e-21
8.54015e-06, 1.87479e-06, 2.21814e-21
8.60929e-06, 1.83e-06, 2.27244e-21
8.67899e-06, 1.78628e-06, 2.32807e-21
8.74925e-06, 1.7436e-06, 2.38507e-21
8.82008e-06, 1.70195e-06, 2.44345e-21
8.89149e-06, 1.66128e-06, 2.50328e-21
8.96347e-06, 1.62159e-06, 2.56456e-21
9.03604e-06, 1.58285e-06, 2.62734e-21
9.10919e-06, 1.54504e-06, 2.69166e-21
9.18293e-06, 1.50812e-06, 2.75755e-21
9.25728e-06, 1.47209e-06, 2.82506e-21
9.33222e-06, 1.43693e-06, 2.89422e-21
9.40777e-06, 1.4026e-06, 2.96507e-21
9.48393e-06, 1.36909e-06, 3.03765e-21
9.56071e-06, 1.33638e-06, 3.11202e-21
9.63811e-06, 1.30445e-06, 3.1882e-21
9.71614e-06, 1.27329e-06, 3.26625e-21
9.7948e-06, 1.24287e-06, 3.34621e-21
9.87409e-06, 1.21318e-06, 3.42812e-21
9.95403e-06, 1.1842e-06, 3.51204e-21
1.00346e-05, 1.15591e-06, 3.598e-21
1.01159e-05, 1.1283e-06, 3.68615e-21
1.01977e-05, 1.10134e-06, 3.77628e-21
1.02803e-05, 1.07503e-06, 3.86877e-21
1.03635e-05, 1.04935e-06, 3.96344e-21
1.04474e-05, 1.02428e-06, 4.06047e-21
1.0532e-05, 9.99816e-07, 4.15989e-21
1.06173e-05, 9.75932e-07, 4.26177e-21
1.07032e-05, 9.52619e-07, 4.36603e-21
1.07899e-05, 9.29863e-07, 4.47297e-21
1.08772e-05, 9.07651e-07, 4.5824e-21
1.09653e-05, 8.8597e-07, 4.69462e-21
1.10541e-05, 8.64807e-07, 4.80958e-21
1.11435e-05, 8.44149e-07, 4.92719e-21
1.12338e-05, 8.23985e-07, 5.04792e-21
1.13247e-05, 8.04303e-07, 5.17142e-21
1.14164e-05, 7.85091e-07, 5.29804e-21
1.15088e-05, 7.66339e-07, 5.4277e-21
1.1602e-05, 7.48034e-07, 5.5606e-21
1.16959e-05, 7.30167e-07, 5.69668e-21
1.17906e-05, 7.12726e-07, 5.83614e-21
1.1886e-05, 6.95703e-07, 5.97892e-21
1.19823e-05, 6.79086e-07, 6.12539e-21
1.20793e-05, 6.62866e-07, 6.27532e-21
1.21771e-05, 6.47034e-07, 6.42894e-21
1.22757e-05, 6.3158e-07, 6.58633e-21
1.2375e-05, 6.16495e-07, 6.74742e-21
1.24752e-05, 6.01771e-07, 6.91261e-21
1.25762e-05, 5.87398e-07, 7.08182e-21
1.2678e-05, 5.73369e-07, 7.25514e-21
1.27807e-05, 5.59675e-07, 7.43284e-21
1.28841e-05, 5.46309e-07, 7.61465e-21
1.29884e-05, 5.33261e-07, 7.80103e-21
1.30936e-05, 5.20526e-07, 7.99206e-21
1.31996e-05, 5.08095e-07, 8.18768e-21
1.33064e-05, 4.95961e-07, 8.38798e-21
1.34142e-05, 4.84116e-07, 8.59343e-21
1.35228e-05, 4.72555e-07, 8.80377e-21
1.36322e-05, 4.6127e-07, 9.01911e-21
1.37426e-05, 4.50255e-07, 9.23994e-21
1.38539e-05, 4.39502e-07, 9.46619e-21
1.3966e-05, 4.29007e-07, 9.69776e-21
1.40791e-05, 4.18762e-07, 9.9352e-21
1.41931e-05, 4.08763e-07, 1.01784e-20
1.4308e-05, 3.99002e-07, 1.04275e-20
1.44238e-05, 3.89474e-07, 1.06827e-20
1.45406e-05, 3.80174e-07, 1.09442e-20
1.46583e-05, 3.71096e-07, 1.1212e-20
1.47769e-05, 3.62235e-07, 1.14863e-20
1.48966e-05, 3.53586e-07, 1.17676e-20
1.50172e-05, 3.45144e-07, 1.20556e-20
1.51388e-05, 3.36903e-07, 1.23507e-20
1.52613e-05, 3.28859e-07, 1.26528e-20
1.53849e-05, 3.21007e-07, 1.29626e-20
1.55094e-05, 3.13343e-07, 1.32797e-20
1.5635e-05, 3.05861e-07, 1.36049e-20
1.57615e-05, 2.98559e-07, 1.39376e-20
1.58891e-05, 2.91431e-07, 1.42787e-20
1.60178e-05, 2.84474e-07, 1.46283e-20
1.61475e-05, 2.77682e-07, 1.49864e-20
1.62782e-05, 2.71053e-07, 1.53531e-20
1.641e-05, 2.64582e-07, 1.57289e-20
1.65428e-05, 2.58266e-07, 1.61137e-20
1.66767e-05, 2.52101e-07, 1.65079e-20
1.68117e-05, 2.46083e-07, 1.69119e-20
1.69478e-05, 2.40208e-07, 1.73258e-20
1.70851e-05, 2.34474e-07, 1.77501e-20
1.72234e-05, 2.28878e-07, 1.81844e-20
1.73628e-05, 2.23414e-07, 1.86293e-20
1.75034e-05, 2.18082e-07, 1.90853e-20
1.76451e-05, 2.12876e-07, 1.95523e-20
1.77879e-05, 2.07795e-07, 2.00306e-20
1.79319e-05, 2.02836e-07, 2.05207e-20
1.80771e-05, 1.97995e-07, 2.1023e-20
1.82234e-05, 1.93269e-07, 2.15373e-20
1.8371e-05, 1.88657e-07, 2.20645e-20
1.85197e-05, 1.84154e-07, 2.26043e-20
1.86696e-05, 1.79759e-07, 2.31573e-20
1.88208e-05, 1.75469e-07, 2.37242e-20
1.89731e-05, 1.71282e-07, 2.43044e-20
1.91267e-05, 1.67195e-07, 2.48991e-20
1.92816e-05, 1.63205e-07, 2.55086e-20
1.94377e-05, 1.5931e-07, 2.61328e-20
1.9595e-05, 1.55509e-07, 2.67719e-20
1.97537e-05, 1.51798e-07, 2.74273e-20
1.99136e-05, 1.48176e-07, 2.80983e-20
2.00748e-05, 1.44641e-07, 2.87857e-20
2.02373e-05, 1.4119e-07, 2.94899e-20
2.04012e-05, 1.37821e-07, 3.02117e-20
2.05663e-05, 1.34533e-07, 3.09506e-20
2.07328e-05, 1.31324e-07, 3.17078e-20
2.09007e-05, 1.28191e-07, 3.24838e-20
2.10699e-05, 1.25133e-07, 3.32786e-20
2.12404e-05, 1.22148e-07, 3.40924e-20
2.14124e-05, 1.19234e-07, 3.49266e-20
2.15857e-05, 1.1639e-07, 3.57809e-20
2.17605e-05, 1.13614e-07, 3.66565e-20
2.19367e-05, 1.10904e-07, 3.75534e-20
2.21143e-05, 1.08258e-07, 3.84721e-20
2.22933e-05, 1.05676e-07, 3.94131e-20
2.24738e-05, 1.03156e-07, 4.03774e-20
2.26557e-05, 1.00696e-07, 4.13649e-20
2.28391e-05, 9.82944e-08, 4.23767e-20
2.3024e-05, 9.59503e-08, 4.34133e-20
2.32104e-05, 9.36622e-08, 4.44753e-20
2.33983e-05, 9.14288e-08, 4.55632e-20
2.35877e-05, 8.92487e-08, 4.66776e-20
2.37787e-05, 8.71206e-08, 4.78195e-20
2.39712e-05, 8.50434e-08, 4.89892e-20
2.41653e-05, 8.30158e-08, 5.01877e-20
2.43609e-05, 8.10366e-08, 5.1415e-20
2.45581e-05, 7.91046e-08, 5.26724e-20
2.47569e-05, 7.72188e-08, 5.39606e-20
2.49574e-05, 7.5378e-08, 5.52809e-20
2.51594e-05, 7.35812e-08, 5.66326e-20
2.53631e-05, 7.18273e-08, 5.80178e-20
2.55684e-05, 7.01153e-08, 5.94365e-20
2.57754e-05, 6.84441e-08, 6.08901e-20
2.59841e-05, 6.68128e-08, 6.23794e-20
2.61944e-05, 6.52205e-08, 6.39045e-20
2.64065e-05, 6.36662e-08, 6.54676e-20
2.66203e-05, 6.21491e-08, 6.70687e-20
2.68358e-05, 6.06681e-08, 6.87087e-20
2.7053e-05, 5.92225e-08, 7.03884e-20
2.72721e-05, 5.78114e-08, 7.21103e-20
2.74928e-05, 5.64341e-08, 7.38729e-20
2.77154e-05, 5.50895e-08, 7.56794e-20
2.79398e-05, 5.37771e-08, 7.75301e-20
2.8166e-05, 5.24961e-08, 7.94258e-20
2.8394e-05, 5.12456e-08, 8.13676e-20
2.86239e-05, 5.00249e-08, 8.33573e-20
2.88556e-05, 4.88334e-08, 8.53951e-20
2.90892e-05, 4.76704e-08, 8.74828e-20
2.93247e-05, 4.65351e-08, 8.96216e-20
2.95621e-05, 4.54269e-08, 9.18126e-20
2.98014e-05, 4.43451e-08, 9.40568e-20
3.00427e-05, 4.32892e-08, 9.63565e-20
3.02859e-05, 4.22585e-08, 9.87118e-20
3.05311e-05, 4.12524e-08, 1.01125e-19
3.07783e-05, 4.02703e-08, 1.03597e-19
3.10274e-05, 3.93116e-08, 1.06129e-19
3.12786e-05, 3.83759e-08, 1.08723e-19
3.15318e-05, 3.74624e-08, 1.1138e-19
3.17871e-05, 3.65708e-08, 1.14103e-19
3.20445e-05, 3.57004e-08, 1.16892e-19
3.23039e-05, 3.48508e-08, 1.19749e-19
3.25654e-05, 3.40215e-08, 1.22675e-19
3.2829e-05, 3.3212e-08, 1.25673e-19
3.30948e-05, 3.24218e-08, 1.28744e-19
3.33627e-05, 3.16504e-08, 1.3189e-19
3.36328e-05, 3.08975e-08, 1.35113e-19
3.39051e-05, 3.01625e-08, 1.38415e-19
3.41796e-05, 2.94451e-08, 1.41797e-19
3.44563e-05, 2.87447e-08, 1.45262e-19
3.47352e-05, 2.80611e-08, 1.48811e-19
3.50165e-05, 2.73938e-08, 1.52448e-19
3.52999e-05, 2.67424e-08, 1.56171e-19
3.55857e-05, 2.61066e-08, 1.59987e-19
3.58738e-05, 2.54859e-08, 1.63895e-19
3.61642e-05, 2.48801e-08, 1.67899e-19
3.6457e-05, 2.42887e-08, 1.72001e-19
3.67521e-05, 2.37114e-08, 1.76202e-19
3.70497e-05, 2.31478e-08, 1.80506e-19
3.73496e-05, 2.25978e-08, 1.84915e-19
3.7652e-05, 2.20608e-08, 1.89432e-19
3.79568e-05, 2.15366e-08, 1.94058e-19
3.82641e-05, 2.1025e-08, 1.98798e-19
3.85739e-05, 2.05255e-08, 2.03653e-19
3.88861e-05, 2.0038e-08, 2.08625e-19
3.9201e-05, 1.95621e-08, 2.13721e-19
3.95183e-05, 1.90975e-08, 2.18939e-19
3.98382e-05, 1.8644e-08, 2.24284e-19
4.01608e-05, 1.82014e-08, 2.29762e-19
4.04859e-05, 1.77693e-08, 2.35371e-19
4.08136e-05, 1.73475e-08, 2.41116e-19
4.11441e-05, 1.69357e-08, 2.47004e-19
4.14771e-05, 1.65338e-08, 2.53032e-19
4.18129e-05, 1.61414e-08, 2.59209e-19
4.21514e-05, 1.57584e-08, 2.65536e-19
4.24927e-05, 1.53846e-08, 2.72018e-19
4.28367e-05, 1.50196e-08, 2.78657e-19
4.31835e-05, 1.46634e-08, 2.85458e-19
4.35331e-05, 1.43156e-08, 2.92425e-19
4.38855e-05, 1.39761e-08, 2.9956e-19
4.42408e-05, 1.36448e-08, 3.0687e-19
4.4599e-05, 1.33213e-08, 3.14359e-19
4.496e-05, 1.30055e-08, 3.22027e-19
4.5324e-05, 1.26973e-08, 3.29885e-19
4.56909e-05, 1.23964e-08, 3.37932e-19
4.60608e-05, 1.21026e-08, 3.46176e-19
4.64337e-05, 1.18159e-08, 3.5462e-19
4.68096e-05, 1.1536e-08, 3.6327e-19
4.71886e-05, 1.12628e-08, 3.72131e-19
4.75706e-05, 1.09961e-08, 3.81206e-19
4.79557e-05, 1.07357e-08, 3.90502e-19
4.8344e-05, 1.04816e-08, 4.00027e-19
4.87353e-05, 1.02335e-08, 4.09779e-19
4.91299e-05, 9.99126e-09, 4.19772e-19
4.95276e-05, 9.75483e-09, 4.30005e-19
4.99286e-05, 9.52404e-09, 4.4049e-19
5.03328e-05, 9.29874e-09, 4.51227e-19
5.07403e-05, 9.07881e-09, 4.62227e-19
5.1151e-05, 8.86412e-09, 4.73491e-19
5.15651e-05, 8.65454e-09, 4.85031e-19
5.19826e-05, 8.44995e-09, 4.96853e-19
5.24034e-05, 8.25023e-09, 5.08959e-19
5.28277e-05, 8.05527e-09, 5.21363e-19
5.32553e-05, 7.86495e-09, 5.34063e-19
5.36865e-05, 7.67916e-09, 5.47076e-19
5.41211e-05, 7.49779e-09, 5.60403e-19
5.45593e-05, 7.32074e-09, 5.74055e-19
5.50009e-05, 7.14791e-09, 5.88034e-19
5.54462e-05, 6.97918e-09, 6.02357e-19
5.58951e-05, 6.81448e-09, 6.17026e-19
5.63476e-05, 6.65369e-09, 6.32051e-19
5.68038e-05, 6.49673e-09, 6.47441e-19
5.72636e-05, 6.3435e-09, 6.63202e-19
5.77272e-05, 6.19392e-09, 6.79347e-19
5.81946e-05, 6.04789e-09, 6.95886e-19
5.86657e-05, 5.90535e-09, 7.12822e-19
5.91406e-05, 5.76619e-09, 7.30169e-19
5.96194e-05, 5.63034e-09, 7.47937e-19
6.01021e-05, 5.49772e-09, 7.66138e-19
6.05886e-05, 5.36826e-09, 7.84775e-19
6.10791e-05, 5.24187e-09, 8.03866e-19
6.15736e-05, 5.11849e-09, 8.23421e-19
6.20721e-05, 4.99805e-09, 8.43449e-19
6.25746e-05, 4.88046e-09, 8.6396e-19
6.30812e-05, 4.76568e-09, 8.8497e-19
6.35919e-05, 4.65362e-09, 9.06488e-19
6.41067e-05, 4.54422e-09, 9.28525e-19
6.46257e-05, 4.43742e-09, 9.51096e-19
6.51489e-05, 4.33317e-09, 9.74214e-19
6.56763e-05, 4.23139e-09, 9.97888e-19
6.6208e-05, 4.13202e-09, 1.02214e-18
6.6744e-05, 4.03502e-09, 1.04697e-18
6.72843e-05, 3.94032e-09, 1.0724e-18
6.7829e-05, 3.84787e-09, 1.09845e-18
6.83782e-05, 3.75762e-09, 1.12514e-18
6.89317e-05, 3.66951e-09, 1.15246e-18
6.94898e-05, 3.58349e-09, 1.18044e-18
7.00524e-05, 3.49952e-09, 1.2091e-18
7.06195e-05, 3.41753e-09, 1.23845e-18
7.11912e-05, 3.3375e-09, 1.26851e-18
7.17675e-05, 3.25936e-09, 1.29929e-18
7.23485e-05, 3.18308e-09, 1.33082e-18
7.29342e-05, 3.10861e-09, 1.3631e-18
7.35247e-05, 3.0359e-09, 1.39617e-18
7.41199e-05, 2.96492e-09, 1.43003e-18
7.472e-05, 2.89563e-09, 1.46471e-18
7.53249e-05, 2.82797e-09, 1.50022e-18
7.59347e-05, 2.76192e-09, 1.53659e-18
7.65494e-05, 2.69744e-09, 1.57383e-18
7.71692e-05, 2.63449e-09, 1.61198e-18
7.77939e-05, 2.57303e-09, 1.65103e-18
7.84237e-05, 2.51302e-09, 1.69103e-18
7.90586e-05, 2.45444e-09, 1.73199e-18
7.96986e-05, 2.39725e-09, 1.77393e-18
8.03438e-05, 2.34141e-09, 1.81688e-18
8.09943e-05, 2.28689e-09, 1.86087e-18
8.165e-05, 2.23367e-09, 1.90591e-18
8.2311e-05, 2.1817e-09, 1.95203e-18
8.29773e-05, 2.13097e-09, 1.99926e-18
8.36491e-05, 2.08144e-09, 2.04762e-18
8.43263e-05, 2.03308e-09, 2.09715e-18
8.5009e-05, 1.98586e-09, 2.14786e-18
8.56972e-05, 1.93976e-09, 2.19978e-18
8.63909e-05, 1.89476e-09, 2.25295e-18
8.70903e-05, 1.85081e-09, 2.30739e-18
8.77954e-05, 1.80791e-09, 2.36315e-18
8.85062e-05, 1.76602e-09, 2.42023e-18
8.92227e-05, 1.72512e-09, 2.47868e-18
8.9945e-05, 1.68519e-09, 2.53852e-18
9.06732e-05, 1.64621e-09, 2.59981e-18
9.14072e-05, 1.60814e-09, 2.66254e-18
9.21472e-05, 1.57097e-09, 2.72678e-18
9.28932e-05, 1.53469e-09, 2.79256e-18
9.36452e-05, 1.49925e-09, 2.8599e-18
9.44034e-05, 1.46466e-09, 2.92887e-18
9.51676e-05, 1.43088e-09, 2.99946e-18
9.59381e-05, 1.3979e-09, 3.07175e-18
9.67148e-05, 1.3657e-09, 3.14575e-18
9.74977e-05, 1.33426e-09, 3.22151e-18
9.8287e-05, 1.30356e-09, 3.29908e-18
9.90827e-05, 1.27358e-09, 3.3785e-18
9.98849e-05, 1.24432e-09, 3.45982e-18
0.000100694, 1.21574e-09, 3.5431e-18
0.000101509, 1.18783e-09, 3.62831e-18
0.00010233, 1.16058e-09, 3.71547e-18
0.000103159, 1.13398e-09, 3.80484e-18
0.000103994, 1.108e-09, 3.89626e-18
0.000104836, 1.08263e-09, 3.98988e-18
0.000105685, 1.05787e-09, 4.08573e-18
0.00010654, 1.03368e-09, 4.18376e-18
0.000107403, 1.01006e-09, 4.28423e-18
0.000108272, 9.87e-10, 4.38697e-18
0.000109149, 9.64482e-10, 4.49225e-18
0.000110032, 9.42492e-10, 4.59988e-18
0.000110923, 9.2102e-10, 4.71017e-18
0.000111821, 9.00052e-10, 4.82303e-18
0.000112726, 8.79578e-10, 4.93852e-18
0.000113639, 8.59584e-10, 5.05682e-18
0.000114559, 8.4006e-10, 5.17786e-18
0.000115487, 8.20994e-10, 5.30183e-18
0.000116421, 8.02376e-10, 5.42851e-18
0.000117364, 7.84194e-10, 5.55836e-18
0.000118314, 7.66439e-10, 5.69119e-18
0.000119272, 7.49101e-10, 5.82717e-18
0.000120238, 7.32169e-10, 5.96639e-18
0.000121211, 7.15634e-10, 6.10875e-18
0.000122192, 6.99486e-10, 6.25447e-18
0.000123181, 6.83717e-10, 6.40361e-18
0.000124179, 6.68317e-10, 6.55639e-18
0.000125184, 6.53277e-10, 6.71258e-18
0.000126197, 6.3859e-10, 6.87241e-18
0.000127219, 6.24246e-10, 7.03609e-18
0.000128249, 6.10237e-10, 7.20355e-18
0.000129287, 5.96556e-10, 7.37486e-18
0.000130334, 5.83194e-10, 7.55026e-18
0.000131389, 5.70145e-10, 7.72966e-18
0.000132453, 5.574e-10, 7.91332e-18
0.000133525, 5.44953e-10, 8.10115e-18
0.000134606, 5.32797e-10, 8.29339e-18
0.000135696, 5.20924e-10, 8.49014e-18
0.000136794, 5.09328e-10, 8.69129e-18
0.000137902, 4.98002e-10, 8.89732e-18
0.000139018, 4.8694e-10, 9.10793e-18
0.000140144, 4.76135e-10, 9.3236e-18
0.000141278, 4.65582e-10, 9.54403e-18
0.000142422, 4.55275e-10, 9.76971e-18
0.000143575, 4.45208e-10, 1.00005e-17
0.000144737, 4.35374e-10, 1.02366e-17
0.000145909, 4.25769e-10, 1.04782e-17
0.00014709, 4.16387e-10, 1.07253e-17
0.000148281, 4.07223e-10, 1.09782e-17
0.000149481, 3.98272e-10, 1.12367e-17
0.000150692, 3.89528e-10, 1.15014e-17
0.000151912, 3.80988e-10, 1.1772e-17
0.000153141, 3.72645e-10, 1.20486e-17
0.000154381, 3.64495e-10, 1.23317e-17
0.000155631, 3.56534e-10, 1.26213e-17
0.000156891, 3.48757e-10, 1.29175e-17
0.000158161, 3.4116e-10, 1.32204e-17
0.000159441, 3.33739e-10, 1.353e-17
0.000160732, 3.26489e-10, 1.38469e-17
0.000162033, 3.19407e-10, 1.41708e-17
0.000163345, 3.12488e-10, 1.45022e-17
0.000164668, 3.05729e-10, 1.48411e-17
0.000166001, 2.99126e-10, 1.51876e-17
0.000167345, 2.92675e-10, 1.55419e-17
0.000168699, 2.86372e-10, 1.59039e-17
0.000170065, 2.80214e-10, 1.62744e-17
0.000171442, 2.74198e-10, 1.66531e-17
0.00017283, 2.68321e-10, 1.70403e-17
0.000174229, 2.62578e-10, 1.74362e-17
0.00017564, 2.56968e-10, 1.7841e-17
0.000177061, 2.51486e-10, 1.82545e-17
0.000178495, 2.46129e-10, 1.86776e-17
0.00017994, 2.40896e-10, 1.911e-17
0.000181397, 2.35782e-10, 1.95521e-17
0.000182865, 2.30786e-10, 2.00037e-17
0.000184346, 2.25904e-10, 2.04657e-17
0.000185838, 2.21133e-10, 2.09376e-17
0.000187343, 2.16471e-10, 2.14201e-17
0.000188859, 2.11916e-10, 2.1913e-17
0.000190388, 2.07465e-10, 2.24169e-17
0.000191929, 2.03115e-10, 2.29317e-17
0.000193483, 1.98864e-10, 2.3458e-17
0.00019505, 1.9471e-10, 2.39959e-17
0.000196629, 1.9065e-10, 2.45454e-17
0.000198221, 1.86683e-10, 2.51068e-17
0.000199825, 1.82805e-10, 2.56802e-17
0.000201443, 1.79016e-10, 2.62664e-17
0.000203074, 1.75313e-10, 2.68652e-17
0.000204718, 1.71693e-10, 2.74769e-17
0.000206375, 1.68156e-10, 2.81016e-17
0.000208046, 1.64698e-10, 2.87401e-17
0.00020973, 1.61319e-10, 2.9392e-17
0.000211428, 1.58015e-10, 3.0058e-17
0.00021314, 1.54787e-10, 3.07383e-17
0.000214865, 1.51631e-10, 3.14328e-17
0.000216605, 1.48546e-10, 3.21425e-17
0.000218358, 1.45531e-10, 3.28668e-17
0.000220126, 1.42583e-10, 3.36067e-17
0.000221908, 1.39702e-10, 3.43622e-17
0.000223705, 1.36885e-10, 3.51338e-17
0.000225516, 1.34131e-10, 3.59213e-17
0.000227341, 1.31439e-10, 3.67251e-17
0.000229182, 1.28807e-10, 3.75461e-17
0.000231037, 1.26234e-10, 3.83839e-17
0.000232908, 1.23719e-10, 3.92395e-17
0.000234793, 1.21259e-10, 4.01123e-17
0.000236694, 1.18855e-10, 4.10035e-17
0.00023861, 1.16503e-10, 4.19128e-17
0.000240542, 1.14204e-10, 4.28411e-17
0.000242489, 1.11957e-10, 4.3788e-17
0.000244452, 1.09759e-10, 4.47543e-17
0.000246431, 1.07609e-10, 4.57403e-17
0.000248426, 1.05508e-10, 4.67464e-17
0.000250437, 1.03452e-10, 4.77726e-17
0.000252465, 1.01442e-10, 4.88199e-17
0.000254509, 9.94768e-11, 4.9888e-17
0.000256569, 9.75545e-11, 5.09771e-17
0.000258646, 9.56745e-11, 5.20881e-17
0.00026074, 9.38358e-11, 5.32213e-17
0.000262851, 9.20375e-11, 5.43769e-17
0.000264979, 9.02786e-11, 5.55552e-17
0.000267124, 8.85581e-11, 5.67564e-17
0.000269287, 8.68753e-11, 5.79816e-17
0.000271467, 8.52293e-11, 5.92302e-17
0.000273665, 8.36191e-11, 6.05033e-17
0.00027588, 8.20439e-11, 6.18005e-17
0.000278114, 8.05031e-11, 6.31233e-17
0.000280365, 7.89956e-11, 6.44707e-17
0.000282635, 7.75209e-11, 6.58443e-17
0.000284923, 7.60781e-11, 6.72436e-17
0.00028723, 7.46665e-11, 6.86697e-17
0.000289555, 7.32854e-11, 7.01222e-17
0.000291899, 7.1934e-11, 7.16019e-17
0.000294262, 7.06117e-11, 7.31092e-17
0.000296644, 6.93179e-11, 7.46443e-17
0.000299046, 6.80518e-11, 7.62082e-17
0.000301467, 6.68128e-11, 7.78004e-17
0.000303907, 6.56003e-11, 7.94212e-17
0.000306368, 6.44138e-11, 8.10723e-17
0.000308848, 6.32525e-11, 8.27524e-17
0.000311348, 6.2116e-11, 8.44627e-17
0.000313869, 6.10036e-11, 8.62039e-17
0.00031641, 5.99148e-11, 8.79757e-17
0.000318971, 5.88491e-11, 8.97783e-17
0.000321554, 5.78059e-11, 9.16133e-17
0.000324157, 5.67847e-11, 9.34796e-17
0.000326781, 5.57851e-11, 9.5378e-17
0.000329427, 5.48064e-11, 9.73096e-17
0.000332094, 5.38483e-11, 9.92738e-17
0.000334782, 5.29103e-11, 1.01271e-16
0.000337493, 5.1992e-11, 1.03302e-16
0.000340225, 5.10928e-11, 1.05367e-16
0.000342979, 5.02123e-11, 1.07466e-16
0.000345756, 4.93501e-11, 1.096e-16
0.000348555, 4.85059e-11, 1.11768e-16
0.000351377, 4.76791e-11, 1.13971e-16
0.000354221, 4.68695e-11, 1.1621e-16
0.000357089, 4.60765e-11, 1.18484e-16
0.00035998, 4.52999e-11, 1.20795e-16
0.000362894, 4.45392e-11, 1.23141e-16
0.000365832, 4.37941e-11, 1.25524e-16
0.000368794, 4.30643e-11, 1.27944e-16
0.000371779, 4.23494e-11, 1.30399e-16
0.000374789, 4.16491e-11, 1.32893e-16
0.000377823, 4.0963e-11, 1.35423e-16
0.000380882, 4.02908e-11, 1.37991e-16
0.000383965, 3.96322e-11, 1.40596e-16
0.000387074, 3.89869e-11, 1.4324e-16
0.000390208, 3.83547e-11, 1.45921e-16
0.000393367, 3.77351e-11, 1.4864e-16
0.000396551, 3.7128e-11, 1.51396e-16
0.000399761, 3.65331e-11, 1.5419e-16
0.000402998, 3.595e-11, 1.57024e-16
0.00040626, 3.53785e-11, 1.59895e-16
0.000409549, 3.48184e-11, 1.62804e-16
0.000412865, 3.42694e-11, 1.65752e-16
0.000416207, 3.37312e-11, 1.68737e-16
0.000419577, 3.32037e-11, 1.71762e-16
0.000422973, 3.26865e-11, 1.74823e-16
0.000426398, 3.21795e-11, 1.77923e-16
0.00042985, 3.16825e-11, 1.81061e-16
0.00043333, 3.11951e-11, 1.84236e-16
0.000436838, 3.07172e-11, 1.87449e-16
0.000440374, 3.02486e-11, 1.90698e-16
0.000443939, 2.97891e-11, 1.93985e-16
0.000447533, 2.93385e-11, 1.97309e-16
0.000451156, 2.88965e-11, 2.00669e-16
0.000454809, 2.84631e-11, 2.04066e-16
0.000458491, 2.80379e-11, 2.07499e-16
0.000462203, 2.76209e-11, 2.10967e-16
0.000465944, 2.72118e-11, 2.14469e-16
0.000469717, 2.68105e-11, 2.18007e-16
0.000473519, 2.64168e-11, 2.21578e-16
0.000477353, 2.60305e-11, 2.25183e-16
0.000481217, 2.56516e-11, 2.28821e-16
0.000485113, 2.52797e-11, 2.32492e-16
0.00048904, 2.49148e-11, 2.36194e-16
0.000492999, 2.45567e-11, 2.39928e-16
0.000496991, 2.42053e-11, 2.43692e-16
0.000501014, 2.38604e-11, 2.47486e-16
0.00050507, 2.35219e-11, 2.51309e-16
0.000509159, 2.31896e-11, 2.5516e-16
0.000513281, 2.28635e-11, 2.59038e-16
0.000517436, 2.25433e-11, 2.62942e-16
0.000521625, 2.2229e-11, 2.66872e-16
0.000525848, 2.19204e-11, 2.70827e-16
0.000530105, 2.16174e-11, 2.74804e-16
0.000534397, 2.13199e-11, 2.78805e-16
0.000538723, 2.10278e-11, 2.82826e-16
0.000543085, 2.0741e-11, 2.86869e-16
0.000547481, 2.04592e-11, 2.90929e-16
0.000551913, 2.01825e-11, 2.95007e-16
0.000556382, 1.99108e-11, 2.99103e-16
0.000560886, 1.96439e-11, 3.03213e-16
0.000565427, 1.93816e-11, 3.07337e-16
0.000570004, 1.91241e-11, 3.11472e-16
0.000574619, 1.8871e-11, 3.1562e-16
0.000579271, 1.86224e-11, 3.19776e-16
0.00058396, 1.83781e-11, 3.2394e-16
0.000588688, 1.81381e-11, 3.28111e-16
0.000593453, 1.79022e-11, 3.32286e-16
0.000598258, 1.76704e-11, 3.36465e-16
0.000603101, 1.74426e-11, 3.40645e-16
0.000607984, 1.72187e-11, 3.44825e-16
0.000612906, 1.69987e-11, 3.49002e-16
0.000617868, 1.67824e-11, 3.53176e-16
0.00062287, 1.65697e-11, 3.57344e-16
0.000627912, 1.63607e-11, 3.61503e-16
0.000632996, 1.61552e-11, 3.65654e-16
0.00063812, 1.59531e-11, 3.69793e-16
0.000643286, 1.57544e-11, 3.73918e-16
0.000648494, 1.55591e-11, 3.78028e-16
0.000653744, 1.5367e-11, 3.8212e-16
0.000659036, 1.5178e-11, 3.86192e-16
0.000664372, 1.49922e-11, 3.90243e-16
0.00066975, 1.48095e-11, 3.9427e-16
0.000675172, 1.46297e-11, 3.9827e-16
0.000680638, 1.44529e-11, 4.02243e-16
0.000686149, 1.42789e-11, 4.06185e-16
0.000691703, 1.41078e-11, 4.10094e-16
0.000697303, 1.39394e-11, 4.13968e-16
0.000702948, 1.37738e-11, 4.17805e-16
0.000708639, 1.36108e-11, 4.21603e-16
0.000714376, 1.34504e-11, 4.25359e-16
0.00072016, 1.32926e-11, 4.29071e-16
0.00072599, 1.31372e-11, 4.32736e-16
0.000731867, 1.29843e-11, 4.36353e-16
0.000737792, 1.28339e-11, 4.39918e-16
0.000743765, 1.26857e-11, 4.43431e-16
0.000749786, 1.25399e-11, 4.46888e-16
0.000755856, 1.23964e-11, 4.50287e-16
0.000761975, 1.22551e-11, 4.53625e-16
0.000768144, 1.2116e-11, 4.56902e-16
0.000774363, 1.1979e-11, 4.60113e-16
0.000780632, 1.18442e-11, 4.63258e-16
0.000786952, 1.17114e-11, 4.66333e-16
0.000793322, 1.15806e-11, 4.69336e-16
0.000799745, 1.14518e-11, 4.72267e-16
0.000806219, 1.13249e-11, 4.75121e-16
0.000812746, 1.12e-11, 4.77897e-16
0.000819326, 1.1077e-11, 4.80594e-16
0.000825959, 1.09558e-11, 4.83208e-16
0.000832646, 1.08364e-11, 4.85738e-16
0.000839387, 1.07188e-11, 4.88182e-16
0.000846182, 1.06029e-11, 4.90537e-16
0.000853032, 1.04887e-11, 4.92803e-16
0.000859938, 1.03763e-11, 4.94977e-16
0.0008669, 1.02654e-11, 4.97057e-16
0.000873918, 1.01562e-11, 4.99042e-16
0.000880993, 1.00486e-11, 5.00929e-16
0.000888125, 9.9426e-12, 5.02718e-16
0.000895315, 9.8381e-12, 5.04406e-16
0.000902563, 9.73511e-12, 5.05993e-16
0.00090987, 9.63362e-12, 5.07477e-16
0.000917236, 9.53358e-12, 5.08856e-16
0.000924662, 9.43497e-12, 5.10128e-16
0.000932148, 9.33778e-12, 5.11294e-16
0.000939694, 9.24198e-12, 5.12352e-16
0.000947302, 9.14753e-12, 5.133e-16
0.000954971, 9.05443e-12, 5.14138e-16
0.000962702, 8.96265e-12, 5.14864e-16
0.000970495, 8.87216e-12, 5.15479e-16
0.000978352, 8.78295e-12, 5.1598e-16
0.000986273, 8.69499e-12, 5.16368e-16
0.000994257, 8.60826e-12, 5.16642e-16
0.00100231, 8.52275e-12, 5.16802e-16
0.00101042, 8.43843e-12, 5.16846e-16
0.0010186, 8.35529e-12, 5.16776e-16
0.00102685, 8.27331e-12, 5.1659e-16
0.00103516, 8.19246e-12, 5.16288e-16
0.00104354, 8.11274e-12, 5.15871e-16
0.00105199, 8.03412e-12, 5.15338e-16
0.00106051, 7.95658e-12, 5.14689e-16
0.00106909, 7.88012e-12, 5.13927e-16
0.00107775, 7.80471e-12, 5.13048e-16
0.00108647, 7.73034e-12, 5.12057e-16
0.00109527, 7.657e-12, 5.1095e-16
0.00110413, 7.58466e-12, 5.09732e-16
0.00111307, 7.51332e-12, 5.084e-16
0.00112208, 7.44296e-12, 5.06957e-16
0.00113117, 7.37356e-12, 5.05402e-16
0.00114032, 7.30512e-12, 5.03739e-16
0.00114956, 7.23761e-12, 5.01965e-16
0.00115886, 7.17103e-12, 5.00086e-16
0.00116824, 7.10537e-12, 4.981e-16
0.0011777, 7.04061e-12, 4.96009e-16
0.00118724, 6.97674e-12, 4.93812e-16
0.00119685, 6.91374e-12, 4.91516e-16
0.00120654, 6.85162e-12, 4.89118e-16
0.00121631, 6.79035e-12, 4.86621e-16
0.00122615, 6.72993e-12, 4.84029e-16
0.00123608, 6.67034e-12, 4.81339e-16
0.00124609, 6.61158e-12, 4.78555e-16
0.00125617, 6.55363e-12, 4.75683e-16
0.00126634, 6.49649e-12, 4.72719e-16
0.00127659, 6.44015e-12, 4.69667e-16
0.00128693, 6.38459e-12, 4.66529e-16
0.00129735, 6.32982e-12, 4.63307e-16
0.00130785, 6.27581e-12, 4.60006e-16
0.00131844, 6.22257e-12, 4.56624e-16
0.00132911, 6.17008e-12, 4.53168e-16
0.00133987, 6.11834e-12, 4.49635e-16
0.00135072, 6.06734e-12, 4.4603e-16
0.00136165, 6.01707e-12, 4.42358e-16
0.00137268, 5.96753e-12, 4.38615e-16
0.00138379, 5.91871e-12, 4.3481e-16
0.00139499, 5.8706e-12, 4.30943e-16
0.00140629, 5.8232e-12, 4.27013e-16
0.00141767, 5.7765e-12, 4.2303e-16
0.00142915, 5.73049e-12, 4.18989e-16
0.00144072, 5.68517e-12, 4.14898e-16
0.00145238, 5.64054e-12, 4.10758e-16
0.00146414, 5.59658e-12, 4.06569e-16
0.00147599, 5.5533e-12, 4.02338e-16
0.00148794, 5.51069e-12, 3.98064e-16
0.00149999, 5.46875e-12, 3.9375e-16
0.00151213, 5.42746e-12, 3.89402e-16
0.00152437, 5.38684e-12, 3.85019e-16
0.00153671, 5.34687e-12, 3.80605e-16
0.00154916, 5.30755e-12, 3.76159e-16
0.0015617, 5.26887e-12, 3.7169e-16
0.00157434, 5.23084e-12, 3.67197e-16
0.00158709, 5.19346e-12, 3.62681e-16
0.00159993, 5.15671e-12, 3.58151e-16
0.00161289, 5.1206e-12, 3.53599e-16
0.00162594, 5.08512e-12, 3.49039e-16
0.00163911, 5.05027e-12, 3.44462e-16
0.00165238, 5.01606e-12, 3.39878e-16
0.00166575, 4.98248e-12, 3.3529e-16
0.00167924, 4.94952e-12, 3.30694e-16
0.00169283, 4.91719e-12, 3.26098e-16
0.00170654, 4.88549e-12, 3.21499e-16
0.00172035, 4.85442e-12, 3.16907e-16
0.00173428, 4.82397e-12, 3.12315e-16
0.00174832, 4.79414e-12, 3.07732e-16
0.00176248, 4.76495e-12, 3.03154e-16
0.00177674, 4.73637e-12, 2.98592e-16
0.00179113, 4.70843e-12, 2.94037e-16
0.00180563, 4.68111e-12, 2.89499e-16
0.00182025, 4.65442e-12, 2.84977e-16
0.00183498, 4.62836e-12, 2.80475e-16
0.00184984, 4.60293e-12, 2.75989e-16
0.00186481, 4.57814e-12, 2.71528e-16
0.00187991, 4.55398e-12, 2.67087e-16
0.00189513, 4.53045e-12, 2.62672e-16
0.00191047, 4.50757e-12, 2.58283e-16
0.00192594, 4.48533e-12, 2.53921e-16
0.00194153, 4.46373e-12, 2.49589e-16
0.00195725, 4.44278e-12, 2.45287e-16
0.00197309, 4.42249e-12, 2.41018e-16
0.00198907, 4.40285e-12, 2.36779e-16
0.00200517, 4.38387e-12, 2.32577e-16
0.0020214, 4.36555e-12, 2.2841e-16
0.00203777, 4.3479e-12, 2.24278e-16
0.00205426, 4.33093e-12, 2.20186e-16
0.00207089, 4.31463e-12, 2.16131e-16
0.00208766, 4.29902e-12, 2.12114e-16
0.00210456, 4.2841e-12, 2.08139e-16
0.0021216, 4.26987e-12, 2.04204e-16
0.00213877, 4.25635e-12, 2.00313e-16
0.00215609, 4.24353e-12, 1.96462e-16
0.00217354, 4.23143e-12, 1.92656e-16
0.00219114, 4.22005e-12, 1.88893e-16
0.00220888, 4.2094e-12, 1.85174e-16
0.00222676, 4.19949e-12, 1.81502e-16
0.00224479, 4.19033e-12, 1.77874e-16
0.00226296, 4.18191e-12, 1.74293e-16
0.00228128, 4.17427e-12, 1.70758e-16
0.00229975, 4.16739e-12, 1.67269e-16
0.00231837, 4.1613e-12, 1.63827e-16
0.00233714, 4.15599e-12, 1.60432e-16
0.00235606, 4.15149e-12, 1.57086e-16
0.00237513, 4.14781e-12, 1.53788e-16
0.00239436, 4.14494e-12, 1.50536e-16
0.00241374, 4.14291e-12, 1.47334e-16
0.00243329, 4.14173e-12, 1.44177e-16
0.00245298, 4.14141e-12, 1.41071e-16
0.00247284, 4.14196e-12, 1.38012e-16
0.00249286, 4.14339e-12, 1.35001e-16
0.00251304, 4.14572e-12, 1.32038e-16
0.00253339, 4.14897e-12, 1.29122e-16
0.0025539, 4.15314e-12, 1.26255e-16
0.00257457, 4.15825e-12, 1.23436e-16
0.00259542, 4.16432e-12, 1.20663e-16
0.00261643, 4.17136e-12, 1.17938e-16
0.00263761, 4.17939e-12, 1.15261e-16
0.00265896, 4.18842e-12, 1.1263e-16
0.00268049, 4.19848e-12, 1.10045e-16
0.00270219, 4.20958e-12, 1.07507e-16
0.00272407, 4.22174e-12, 1.05014e-16
0.00274612, 4.23498e-12, 1.02567e-16
0.00276835, 4.24931e-12, 1.00166e-16
0.00279076, 4.26476e-12, 9.78092e-17
0.00281336, 4.28136e-12, 9.54961e-17
0.00283613, 4.29911e-12, 9.32284e-17
0.00285909, 4.31804e-12, 9.10038e-17
0.00288224, 4.33818e-12, 8.8822e-17
0.00290557, 4.35954e-12, 8.66837e-17
0.00292909, 4.38216e-12, 8.45875e-17
0.00295281, 4.40605e-12, 8.25323e-17
0.00297671, 4.43125e-12, 8.05196e-17
0.00300081, 4.45777e-12, 7.85471e-17
0.0030251, 4.48564e-12, 7.66154e-17
0.00304959, 4.5149e-12, 7.47233e-17
0.00307428, 4.54557e-12, 7.28704e-17
0.00309917, 4.57768e-12, 7.10564e-17
0.00312426, 4.61125e-12, 6.92808e-17
0.00314955, 4.64633e-12, 6.75431e-17
0.00317505, 4.68294e-12, 6.58424e-17
0.00320076, 4.72111e-12, 6.41781e-17
0.00322667, 4.76087e-12, 6.25505e-17
0.00325279, 4.80227e-12, 6.09585e-17
0.00327912, 4.84534e-12, 5.94017e-17
0.00330567, 4.89011e-12, 5.7879e-17
0.00333243, 4.93661e-12, 5.63905e-17
0.00335941, 4.9849e-12, 5.49353e-17
0.00338661, 5.035e-12, 5.35129e-17
0.00341402, 5.08697e-12, 5.21233e-17
0.00344166, 5.14083e-12, 5.07651e-17
0.00346953, 5.19663e-12, 4.94379e-17
0.00349761, 5.25441e-12, 4.8142e-17
0.00352593, 5.31423e-12, 4.68758e-17
0.00355447, 5.37613e-12, 4.56395e-17
0.00358325, 5.44014e-12, 4.44319e-17
0.00361226, 5.50633e-12, 4.3253e-17
0.0036415, 5.57474e-12, 4.21023e-17
0.00367098, 5.64543e-12, 4.0979e-17
0.0037007, 5.71844e-12, 3.98825e-17
0.00373066, 5.79383e-12, 3.88125e-17
0.00376086, 5.87166e-12, 3.77685e-17
0.00379131, 5.95198e-12, 3.67497e-17
0.003822, 6.03485e-12, 3.57561e-17
0.00385295, 6.12033e-12, 3.47865e-17
0.00388414, 6.20849e-12, 3.38411e-17
0.00391558, 6.29938e-12, 3.29192e-17
0.00394728, 6.39307e-12, 3.20202e-17
0.00397924, 6.48964e-12, 3.11434e-17
0.00401145, 6.58914e-12, 3.0289e-17
0.00404393, 6.69165e-12, 2.94557e-17
0.00407667, 6.79723e-12, 2.86437e-17
0.00410967, 6.90598e-12, 2.78524e-17
0.00414294, 7.01795e-12, 2.70811e-17
0.00417648, 7.13324e-12, 2.63296e-17
0.00421029, 7.25191e-12, 2.55974e-17
0.00424438, 7.37406e-12, 2.4884e-17
0.00427874, 7.49977e-12, 2.41891e-17
0.00431338, 7.62912e-12, 2.35122e-17
0.0043483, 7.7622e-12, 2.28529e-17
0.0043835, 7.89911e-12, 2.2211e-17
0.00441899, 8.03995e-12, 2.15857e-17
0.00445476, 8.1848e-12, 2.0977e-17
0.00449083, 8.33377e-12, 2.03842e-17
0.00452718, 8.48696e-12, 1.98073e-17
0.00456383, 8.64447e-12, 1.92455e-17
0.00460078, 8.80642e-12, 1.86987e-17
0.00463803, 8.97291e-12, 1.81665e-17
0.00467557, 9.14406e-12, 1.76487e-17
0.00471343, 9.31999e-12, 1.71446e-17
0.00475158, 9.5008e-12, 1.66542e-17
0.00479005, 9.68664e-12, 1.6177e-17
0.00482883, 9.87763e-12, 1.57127e-17
0.00486792, 1.00739e-11, 1.5261e-17
0.00490733, 1.02755e-11, 1.48216e-17
0.00494706, 1.04828e-11, 1.43942e-17
0.00498711, 1.06957e-11, 1.39785e-17
0.00502748, 1.09144e-11, 1.35742e-17
0.00506818, 1.11391e-11, 1.3181e-17
0.00510921, 1.137e-11, 1.27986e-17
0.00515058, 1.16071e-11, 1.24267e-17
0.00519227, 1.18507e-11, 1.20653e-17
0.00523431, 1.21009e-11, 1.17138e-17
0.00527669, 1.23579e-11, 1.1372e-17
0.0053194, 1.26219e-11, 1.10399e-17
0.00536247, 1.2893e-11, 1.07169e-17
0.00540588, 1.31714e-11, 1.04031e-17
0.00544964, 1.34573e-11, 1.0098e-17
0.00549376, 1.3751e-11, 9.80152e-18
0.00553824, 1.40526e-11, 9.51335e-18
0.00558307, 1.43623e-11, 9.23336e-18
0.00562827, 1.46803e-11, 8.96125e-18
0.00567384, 1.50069e-11, 8.69682e-18
0.00571977, 1.53423e-11, 8.43994e-18
0.00576608, 1.56866e-11, 8.19032e-18
0.00581276, 1.60402e-11, 7.94784e-18
0.00585982, 1.64033e-11, 7.71227e-18
0.00590725, 1.67761e-11, 7.48348e-18
0.00595508, 1.71589e-11, 7.26116e-18
0.00600329, 1.7552e-11, 7.04526e-18
0.00605189, 1.79555e-11, 6.83555e-18
0.00610088, 1.83699e-11, 6.6319e-18
0.00615027, 1.87954e-11, 6.4341e-18
0.00620006, 1.92323e-11, 6.24201e-18
0.00625026, 1.96808e-11, 6.05545e-18
0.00630086, 2.01413e-11, 5.87431e-18
0.00635187, 2.06142e-11, 5.69842e-18
0.00640329, 2.10997e-11, 5.52765e-18
0.00645513, 2.15982e-11, 5.36184e-18
0.00650739, 2.21101e-11, 5.20085e-18
0.00656007, 2.26356e-11, 5.04457e-18
0.00661318, 2.31752e-11, 4.89284e-18
0.00666672, 2.37292e-11, 4.74555e-18
0.00672069, 2.42981e-11, 4.60258e-18
0.0067751, 2.48822e-11, 4.46379e-18
0.00682995, 2.5482e-11, 4.32908e-18
0.00688524, 2.60978e-11, 4.19835e-18
0.00694098, 2.67301e-11, 4.07145e-18
0.00699717, 2.73794e-11, 3.94829e-18
0.00705382, 2.80461e-11, 3.82876e-18
0.00711092, 2.87307e-11, 3.71278e-18
0.00716849, 2.94337e-11, 3.60021e-18
0.00722652, 3.01556e-11, 3.49099e-18
0.00728503, 3.08969e-11, 3.38499e-18
0.00734401, 3.16581e-11, 3.28213e-18
0.00740346, 3.24399e-11, 3.18235e-18
0.0074634, 3.32426e-11, 3.08552e-18
0.00752382, 3.40671e-11, 2.99158e-18
0.00758473, 3.49137e-11, 2.90044e-18
0.00764613, 3.57832e-11, 2.81202e-18
0.00770803, 3.66762e-11, 2.72624e-18
0.00777043, 3.75933e-11, 2.64303e-18
0.00783334, 3.85353e-11, 2.5623e-18
0.00789676, 3.95027e-11, 2.48398e-18
0.00796069, 4.04964e-11, 2.40802e-18
0.00802513, 4.1517e-11, 2.33434e-18
0.0080901, 4.25654e-11, 2.26287e-18
0.0081556, 4.36422e-11, 2.19355e-18
0.00822162, 4.47483e-11, 2.12631e-18
0.00828818, 4.58845e-11, 2.0611e-18
0.00835528, 4.70517e-11, 1.99786e-18
0.00842292, 4.82508e-11, 1.93652e-18
0.00849111, 4.94825e-11, 1.87703e-18
0.00855985, 5.0748e-11, 1.81934e-18
0.00862915, 5.20481e-11, 1.7634e-18
0.00869901, 5.33838e-11, 1.70914e-18
0.00876943, 5.47562e-11, 1.65654e-18
0.00884043, 5.61662e-11, 1.60552e-18
0.008912, 5.76151e-11, 1.55605e-18
0.00898414, 5.91038e-11, 1.50809e-18
0.00905688, 6.06335e-11, 1.46158e-18
0.0091302, 6.22055e-11, 1.41648e-18
0.00920411, 6.38208e-11, 1.37276e-18
0.00927863, 6.54809e-11, 1.33037e-18
0.00935374, 6.7187e-11, 1.28927e-18
0.00942947, 6.89404e-11, 1.24942e-18
0.00950581, 7.07424e-11, 1.21078e-18
0.00958276, 7.25946e-11, 1.17333e-18
0.00966034, 7.44984e-11, 1.13702e-18
0.00973855, 7.64553e-11, 1.10182e-18
0.00981739, 7.84668e-11, 1.06769e-18
0.00989687, 8.05346e-11, 1.03461e-18
0.00997699, 8.26603e-11, 1.00254e-18
0.0100578, 8.48456e-11, 9.71441e-19
0.0101392, 8.70923e-11, 9.41317e-19
0.0102213, 8.94022e-11, 9.12102e-19
0.010304, 9.17772e-11, 8.83805e-19
0.0103874, 9.42192e-11, 8.56366e-19
0.0104715, 9.67302e-11, 8.29763e-19
0.0105563, 9.93123e-11, 8.03971e-19
0.0106418, 1.01968e-10, 7.78969e-19
0.0107279, 1.04698e-10, 7.54761e-19
0.0108148, 1.07506e-10, 7.31271e-19
0.0109023, 1.10395e-10, 7.08531e-19
0.0109906, 1.13365e-10, 6.86469e-19
0.0110796, 1.16421e-10, 6.65091e-19
0.0111693, 1.19564e-10, 6.44376e-19
0.0112597, 1.22797e-10, 6.24307e-19
0.0113508, 1.26123e-10, 6.04863e-19
0.0114427, 1.29545e-10, 5.86007e-19
0.0115354, 1.33065e-10, 5.67722e-19
0.0116287, 1.36687e-10, 5.50032e-19
0.0117229, 1.40414e-10, 5.32861e-19
0.0118178, 1.44249e-10, 5.16233e-19
0.0119135, 1.48195e-10, 5.00114e-19
0.0120099, 1.52255e-10, 4.84507e-19
0.0121071, 1.56434e-10, 4.69379e-19
0.0122052, 1.60735e-10, 4.54703e-19
0.012304, 1.65162e-10, 4.40496e-19
0.0124036, 1.69718e-10, 4.2673e-19
0.012504, 1.74407e-10, 4.13391e-19
0.0126052, 1.79235e-10, 4.00467e-19
0.0127073, 1.84205e-10, 3.87935e-19
0.0128101, 1.89321e-10, 3.75807e-19
0.0129138, 1.94589e-10, 3.64048e-19
0.0130184, 2.00012e-10, 3.52648e-19
0.0131238, 2.05597e-10, 3.41607e-19
0.01323, 2.11347e-10, 3.30915e-19
0.0133371, 2.17269e-10, 3.20551e-19
0.0134451, 2.23368e-10, 3.10507e-19
0.013554, 2.29648e-10, 3.00773e-19
0.0136637, 2.36117e-10, 2.91349e-19
0.0137743, 2.4278e-10, 2.82218e-19
0.0138858, 2.49643e-10, 2.73371e-19
0.0139982, 2.56714e-10, 2.64799e-19
0.0141116, 2.63997e-10, 2.56489e-19
0.0142258, 2.71501e-10, 2.48445e-19
0.014341, 2.79232e-10, 2.40648e-19
0.0144571, 2.87198e-10, 2.33096e-19
0.0145741, 2.95407e-10, 2.25782e-19
0.0146921, 3.03866e-10, 2.18693e-19
0.014811, 3.12583e-10, 2.11829e-19
0.0149309, 3.21567e-10, 2.05177e-19
0.0150518, 3.30827e-10, 1.98731e-19
0.0151737, 3.40371e-10, 1.92486e-19
0.0152965, 3.50209e-10, 1.8644e-19
0.0154203, 3.60351e-10, 1.80583e-19
0.0155452, 3.70807e-10, 1.74905e-19
0.015671, 3.81587e-10, 1.69409e-19
0.0157979, 3.92701e-10, 1.64081e-19
0.0159258, 4.04161e-10, 1.58922e-19
0.0160547, 4.15979e-10, 1.53925e-19
0.0161847, 4.28166e-10, 1.49082e-19
0.0163157, 4.40734e-10, 1.44394e-19
0.0164478, 4.53697e-10, 1.3985e-19
0.016581, 4.67067e-10, 1.35448e-19
0.0167152, 4.80859e-10, 1.31186e-19
0.0168505, 4.95086e-10, 1.27058e-19
0.0169869, 5.09763e-10, 1.23059e-19
0.0171245, 5.24905e-10, 1.19182e-19
0.0172631, 5.40528e-10, 1.1543e-19
0.0174028, 5.56649e-10, 1.11797e-19
0.0175437, 5.73284e-10, 1.08275e-19
0.0176858, 5.9045e-10, 1.04863e-19
0.0178289, 6.08167e-10, 1.01561e-19
0.0179733, 6.26452e-10, 9.83599e-20
0.0181188, 6.45325e-10, 9.52607e-20
0.0182655, 6.64806e-10, 9.22583e-20
0.0184133, 6.84917e-10, 8.93519e-20
0.0185624, 7.05678e-10, 8.65348e-20
0.0187127, 7.27113e-10, 8.38064e-20
0.0188642, 7.49244e-10, 8.1164e-20
0.0190169, 7.72096e-10, 7.8605e-20
0.0191708, 7.95694e-10, 7.61271e-20
0.019326, 8.20063e-10, 7.37262e-20
0.0194825, 8.45231e-10, 7.14002e-20
0.0196402, 8.71225e-10, 6.91482e-20
0.0197992, 8.98075e-10, 6.69668e-20
0.0199595, 9.25809e-10, 6.48538e-20
0.0201211, 9.54459e-10, 6.28073e-20
0.020284, 9.84058e-10, 6.08252e-20
0.0204482, 1.01464e-09, 5.89058e-20
0.0206138, 1.04624e-09, 5.70459e-20
0.0207806, 1.07888e-09, 5.52462e-20
0.0209489, 1.11262e-09, 5.35015e-20
0.0211185, 1.14749e-09, 5.18124e-20
0.0212894, 1.18352e-09, 5.01771e-20
0.0214618, 1.22077e-09, 4.85923e-20
0.0216355, 1.25926e-09, 4.70583e-20
0.0218107, 1.29906e-09, 4.55718e-20
0.0219873, 1.3402e-09, 4.41322e-20
0.0221653, 1.38273e-09, 4.27383e-20
0.0223447, 1.4267e-09, 4.13886e-20
0.0225256, 1.47216e-09, 4.00811e-20
0.022708, 1.51917e-09, 3.88145e-20
0.0228918, 1.56779e-09, 3.75884e-20
0.0230771, 1.61806e-09, 3.64008e-20
0.0232639, 1.67006e-09, 3.52507e-20
0.0234523, 1.72384e-09, 3.41364e-20
0.0236421, 1.77946e-09, 3.30579e-20
0.0238335, 1.83701e-09, 3.2013e-20
0.0240265, 1.89653e-09, 3.10009e-20
0.024221, 1.95811e-09, 3.0021e-20
0.0244171, 2.02183e-09, 2.90719e-20
0.0246148, 2.08775e-09, 2.81527e-20
0.024814, 2.15596e-09, 2.72629e-20
0.0250149, 2.22655e-09, 2.64008e-20
0.0252174, 2.2996e-09, 2.55661e-20
0.0254216, 2.3752e-09, 2.47574e-20
0.0256274, 2.45345e-09, 2.39745e-20
0.0258349, 2.53443e-09, 2.32162e-20
0.026044, 2.61827e-09, 2.24821e-20
0.0262549, 2.70505e-09, 2.17708e-20
0.0264674, 2.79489e-09, 2.10824e-20
0.0266817, 2.8879e-09, 2.04154e-20
0.0268977, 2.9842e-09, 1.97696e-20
0.0271154, 3.08391e-09, 1.91443e-20
0.027335, 3.18716e-09, 1.85384e-20
0.0275562, 3.29409e-09, 1.79521e-20
0.0277793, 3.40481e-09, 1.7384e-20
0.0280042, 3.51949e-09, 1.68339e-20
0.0282309, 3.63826e-09, 1.63013e-20
0.0284595, 3.76128e-09, 1.57853e-20
0.0286899, 3.88871e-09, 1.52857e-20
0.0289222, 4.02072e-09, 1.48019e-20
0.0291563, 4.15747e-09, 1.43335e-20
0.0293923, 4.29915e-09, 1.38799e-20
0.0296303, 4.44594e-09, 1.34405e-20
0.0298702, 4.59803e-09, 1.3015e-20
0.030112, 4.75562e-09, 1.2603e-20
0.0303558, 4.91893e-09, 1.2204e-20
0.0306015, 5.08816e-09, 1.18178e-20
0.0308493, 5.26354e-09, 1.14435e-20
0.031099, 5.44531e-09, 1.10813e-20
0.0313508, 5.6337e-09, 1.07304e-20
0.0316046, 5.82897e-09, 1.03906e-20
0.0318604, 6.03139e-09, 1.00617e-20
0.0321184, 6.24121e-09, 9.74301e-21
0.0323784, 6.45873e-09, 9.43451e-21
0.0326405, 6.68424e-09, 9.13577e-21
0.0329048, 6.91805e-09, 8.84639e-21
0.0331711, 7.16046e-09, 8.56632e-21
0.0334397, 7.41181e-09, 8.29496e-21
0.0337104, 7.67245e-09, 8.03226e-21
0.0339833, 7.94273e-09, 7.77786e-21
0.0342584, 8.22301e-09, 7.53152e-21
0.0345358, 8.51369e-09, 7.29291e-21
0.0348154, 8.81516e-09, 7.06189e-21
0.0350972, 9.12784e-09, 6.83824e-21
0.0353813, 9.45216e-09, 6.62164e-21
0.0356678, 9.78857e-09, 6.41183e-21
0.0359565, 1.01375e-08, 6.20874e-21
0.0362476, 1.04995e-08, 6.01204e-21
0.0365411, 1.08751e-08, 5.82153e-21
0.0368369, 1.12647e-08, 5.6371e-21
0.0371351, 1.1669e-08, 5.45851e-21
0.0374358, 1.20884e-08, 5.28553e-21
0.0377388, 1.25236e-08, 5.11809e-21
0.0380443, 1.29751e-08, 4.95593e-21
0.0383523, 1.34437e-08, 4.79889e-21
0.0386628, 1.393e-08, 4.64682e-21
0.0389758, 1.44346e-08, 4.49957e-21
0.0392914, 1.49584e-08, 4.35695e-21
0.0396095, 1.55019e-08, 4.21887e-21
0.0399301, 1.60661e-08, 4.0852e-21
0.0402534, 1.66517e-08, 3.95572e-21
0.0405793, 1.72595e-08, 3.83034e-21
0.0409078, 1.78904e-08, 3.70895e-21
0.041239, 1.85454e-08, 3.5914e-21
0.0415728, 1.92253e-08, 3.47759e-21
0.0419094, 1.99311e-08, 3.36735e-21
0.0422487, 2.06639e-08, 3.26062e-21
0.0425907, 2.14247e-08, 3.15728e-21
0.0429355, 2.22147e-08, 3.0572e-21
0.0432831, 2.30349e-08, 2.96029e-21
0.0436335, 2.38865e-08, 2.86645e-21
0.0439867, 2.47708e-08, 2.7756e-21
0.0443428, 2.56891e-08, 2.68762e-21
0.0447018, 2.66427e-08, 2.60241e-21
0.0450637, 2.76331e-08, 2.51991e-21
0.0454285, 2.86615e-08, 2.44003e-21
0.0457963, 2.97297e-08, 2.36267e-21
0.0461671, 3.0839e-08, 2.28776e-21
0.0465408, 3.19912e-08, 2.21524e-21
0.0469176, 3.3188e-08, 2.14501e-21
0.0472974, 3.4431e-08, 2.07701e-21
0.0476803, 3.57222e-08, 2.01116e-21
0.0480663, 3.70635e-08, 1.94739e-21
0.0484555, 3.84568e-08, 1.88564e-21
0.0488477, 3.99042e-08, 1.82586e-21
0.0492432, 4.14079e-08, 1.76796e-21
0.0496418, 4.297e-08, 1.71191e-21
0.0500437, 4.45929e-08, 1.65763e-21
0.0504489, 4.62791e-08, 1.60506e-21
0.0508573, 4.8031e-08, 1.55417e-21
0.051269, 4.98512e-08, 1.50489e-21
0.0516841, 5.17425e-08, 1.45717e-21
0.0521025, 5.37078e-08, 1.41096e-21
0.0525243, 5.57498e-08, 1.36622e-21
0.0529495, 5.78718e-08, 1.3229e-21
0.0533782, 6.00769e-08, 1.28094e-21
0.0538103, 6.23683e-08, 1.24032e-21
0.0542459, 6.47497e-08, 1.20099e-21
0.0546851, 6.72245e-08, 1.1629e-21
0.0551278, 6.97965e-08, 1.12602e-21
0.0555741, 7.24695e-08, 1.09031e-21
0.056024, 7.52477e-08, 1.05574e-21
0.0564776, 7.81352e-08, 1.02225e-21
0.0569348, 8.11363e-08, 9.89832e-22
0.0573957, 8.42558e-08, 9.58441e-22
0.0578604, 8.74982e-08, 9.28041e-22
0.0583288, 9.08685e-08, 8.98609e-22
0.058801, 9.43718e-08, 8.70109e-22
0.059277, 9.80135e-08, 8.42514e-22
0.0597569, 1.01799e-07, 8.15792e-22
0.0602407, 1.05735e-07, 7.89916e-22
0.0607284, 1.09826e-07, 7.64861e-22
0.06122, 1.14079e-07, 7.40603e-22
0.0617156, 1.185e-07, 7.17113e-22
0.0622153, 1.23097e-07, 6.94364e-22
0.0627189, 1.27876e-07, 6.72343e-22
0.0632267, 1.32845e-07, 6.51015e-22
0.0637386, 1.38011e-07, 6.30364e-22
0.0642546, 1.43382e-07, 6.10369e-22
0.0647747, 1.48966e-07, 5.91011e-22
0.0652991, 1.54773e-07, 5.72264e-22
0.0658278, 1.60811e-07, 5.5411e-22
0.0663607, 1.67089e-07, 5.36534e-22
0.0668979, 1.73617e-07, 5.19515e-22
0.0674395, 1.80405e-07, 5.03035e-22
0.0679855, 1.87463e-07, 4.87077e-22
0.0685359, 1.94803e-07, 4.71626e-22
0.0690907, 2.02436e-07, 4.56666e-22
0.0696501, 2.10374e-07, 4.42178e-22
0.0702139, 2.18629e-07, 4.28152e-22
0.0707823, 2.27213e-07, 4.14571e-22
0.0713554, 2.36141e-07, 4.01418e-22
0.071933, 2.45425e-07, 3.88685e-22
0.0725154, 2.55081e-07, 3.76354e-22
0.0731025, 2.65124e-07, 3.64413e-22
0.0736943, 2.75569e-07, 3.52853e-22
0.0742909, 2.86431e-07, 3.41659e-22
0.0748923, 2.9773e-07, 3.30821e-22
0.0754986, 3.09481e-07, 3.20326e-22
0.0761098, 3.21703e-07, 3.10164e-22
0.076726, 3.34416e-07, 3.00323e-22
0.0773471, 3.47639e-07, 2.90796e-22
0.0779733, 3.61393e-07, 2.8157e-22
0.0786046, 3.75699e-07, 2.72636e-22
0.0792409, 3.9058e-07, 2.63987e-22
0.0798824, 4.06059e-07, 2.55612e-22
0.0805291, 4.22161e-07, 2.47503e-22
0.0811811, 4.3891e-07, 2.3965e-22
0.0818383, 4.56333e-07, 2.32046e-22
0.0825008, 4.74458e-07, 2.24685e-22
0.0831687, 4.93312e-07, 2.17556e-22
0.083842, 5.12925e-07, 2.10654e-22
0.0845208, 5.33329e-07, 2.0397e-22
0.085205, 5.54555e-07, 1.97499e-22
0.0858948, 5.76637e-07, 1.91233e-22
0.0865902, 5.99609e-07, 1.85165e-22
0.0872912, 6.23508e-07, 1.7929e-22
0.0879979, 6.48372e-07, 1.73602e-22
0.0887103, 6.74238e-07, 1.68094e-22
0.0894285, 7.0115e-07, 1.6276e-22
0.0901524, 7.29148e-07, 1.57596e-22
0.0908823, 7.58277e-07, 1.52596e-22
0.091618, 7.88584e-07, 1.47754e-22
0.0923597, 8.20115e-07, 1.43066e-22
0.0931075, 8.52921e-07, 1.38526e-22
0.0938612, 8.87054e-07, 1.34132e-22
0.0946211, 9.22568e-07, 1.29875e-22
0.0953871, 9.59519e-07, 1.25755e-22
0.0961593, 9.97966e-07, 1.21765e-22
0.0969378, 1.03797e-06, 1.17901e-22
0.0977226, 1.07959e-06, 1.1416e-22
0.0985137, 1.1229e-06, 1.10538e-22
0.0993113, 1.16796e-06, 1.0703e-22
0.100115, 1.21485e-06, 1.03635e-22
0.100926, 1.26364e-06, 1.00345e-22
0.101743, 1.31441e-06, 9.7161e-23
0.102566, 1.36724e-06, 9.40805e-23
0.103397, 1.42221e-06, 9.1093e-23
0.104234, 1.47941e-06, 8.82027e-23
0.105078, 1.53893e-06, 8.54035e-23
0.105928, 1.60087e-06, 8.26956e-23
0.106786, 1.66532e-06, 8.00703e-23
0.10765, 1.73239e-06, 7.7531e-23
0.108522, 1.80218e-06, 7.50694e-23
0.109401, 1.87481e-06, 7.26862e-23
0.110286, 1.95039e-06, 7.03815e-23
0.111179, 2.02904e-06, 6.81478e-23
0.112079, 2.11088e-06, 6.59855e-23
0.112986, 2.19606e-06, 6.38924e-23
0.113901, 2.28469e-06, 6.18643e-23
0.114823, 2.37693e-06, 5.99015e-23
0.115753, 2.47293e-06, 5.79998e-23
0.11669, 2.57282e-06, 5.61595e-23
0.117635, 2.67679e-06, 5.43769e-23
0.118587, 2.78498e-06, 5.2652e-23
0.119547, 2.89758e-06, 5.09813e-23
0.120515, 3.01476e-06, 4.93632e-23
0.12149, 3.13671e-06, 4.77978e-23
0.122474, 3.26363e-06, 4.62803e-23
0.123466, 3.39572e-06, 4.4811e-23
0.124465, 3.53319e-06, 4.33898e-23
0.125473, 3.67626e-06, 4.20124e-23
0.126488, 3.82516e-06, 4.06802e-23
0.127513, 3.98013e-06, 3.93881e-23
0.128545, 4.14142e-06, 3.81385e-23
0.129585, 4.30928e-06, 3.6929e-23
0.130635, 4.48398e-06, 3.57561e-23
0.131692, 4.66581e-06, 3.46221e-23
0.132758, 4.85505e-06, 3.35235e-23
0.133833, 5.05202e-06, 3.24595e-23
0.134916, 5.25701e-06, 3.14299e-23
0.136009, 5.47038e-06, 3.04318e-23
0.13711, 5.69245e-06, 2.94661e-23
0.13822, 5.92358e-06, 2.85311e-23
0.139339, 6.16414e-06, 2.76257e-23
0.140467, 6.41453e-06, 2.6749e-23
0.141604, 6.67514e-06, 2.59003e-23
0.14275, 6.94638e-06, 2.50786e-23
0.143906, 7.22871e-06, 2.42826e-23
0.145071, 7.52256e-06, 2.3512e-23
0.146246, 7.82842e-06, 2.27655e-23
0.147429, 8.14677e-06, 2.20436e-23
0.148623, 8.47813e-06, 2.13438e-23
0.149826, 8.82303e-06, 2.06666e-23
0.151039, 9.18202e-06, 2.00107e-23
0.152262, 9.55568e-06, 1.93756e-23
0.153495, 9.94462e-06, 1.87605e-23
0.154737, 1.03494e-05, 1.81655e-23
0.15599, 1.07708e-05, 1.75889e-23
0.157253, 1.12094e-05, 1.70306e-23
0.158526, 1.1666e-05, 1.64902e-23
0.159809, 1.21412e-05, 1.5967e-23
0.161103, 1.26358e-05, 1.54602e-23
0.162407, 1.31507e-05, 1.49697e-23
0.163722, 1.36867e-05, 1.44945e-23
0.165047, 1.42445e-05, 1.40347e-23
0.166384, 1.48252e-05, 1.3589e-23
0.167731, 1.54297e-05, 1.31578e-23
0.169088, 1.60588e-05, 1.27405e-23
0.170457, 1.67138e-05, 1.23361e-23
0.171837, 1.73955e-05, 1.19446e-23
0.173228, 1.81051e-05, 1.15656e-23
0.174631, 1.88438e-05, 1.11984e-23
0.176045, 1.96127e-05, 1.0843e-23
0.17747, 2.04131e-05, 1.04989e-23
0.178907, 2.12463e-05, 1.01657e-23
0.180355, 2.21135e-05, 9.84314e-24
0.181815, 2.30163e-05, 9.53078e-24
0.183287, 2.39561e-05, 9.2283e-24
0.184771, 2.49343e-05, 8.9354e-24
0.186267, 2.59526e-05, 8.6518e-24
0.187775, 2.70126e-05, 8.37722e-24
0.189295, 2.81161e-05, 8.11139e-24
0.190827, 2.92647e-05, 7.85405e-24
0.192372, 3.04604e-05, 7.60478e-24
0.193929, 3.17051e-05, 7.36349e-24
0.195499, 3.30008e-05, 7.1298e-24
0.197082, 3.43496e-05, 6.90349e-24
0.198678, 3.57536e-05, 6.68434e-24
0.200286, 3.72152e-05, 6.47226e-24
0.201908, 3.87367e-05, 6.26679e-24
0.203542, 4.03206e-05, 6.06797e-24
0.20519, 4.19693e-05, 5.87538e-24
0.206851, 4.36857e-05, 5.68893e-24
0.208526, 4.54724e-05, 5.50835e-24
0.210214, 4.73324e-05, 5.33355e-24
0.211916, 4.92686e-05, 5.16427e-24
0.213631, 5.12842e-05, 5.00043e-24
0.215361, 5.33824e-05, 4.84169e-24
0.217104, 5.55667e-05, 4.68808e-24
0.218862, 5.78406e-05, 4.53926e-24
0.220634, 6.02077e-05, 4.39519e-24
0.22242, 6.26719e-05, 4.25572e-24
0.224221, 6.52371e-05, 4.12063e-24
0.226036, 6.79076e-05, 3.98987e-24
0.227866, 7.06875e-05, 3.86324e-24
0.22971, 7.35816e-05, 3.74068e-24
0.23157, 7.65943e-05, 3.62195e-24
0.233445, 7.97306e-05, 3.50698e-24
0.235335, 8.29956e-05, 3.39568e-24
0.23724, 8.63945e-05, 3.28792e-24
0.23916, 8.99329e-05, 3.18361e-24
0.241097, 9.36165e-05, 3.08253e-24
0.243048, 9.74512e-05, 2.98474e-24
0.245016, 0.000101443, 2.89e-24
0.247, 0.000105599, 2.79826e-24
0.248999, 0.000109926, 2.70948e-24
0.251015, 0.00011443, 2.62348e-24
0.253047, 0.000119118, 2.54023e-24
0.255096, 0.000124, 2.45959e-24
0.257161, 0.000129081, 2.38154e-24
0.259243, 0.000134371, 2.30596e-24
0.261342, 0.000139879, 2.23276e-24
0.263457, 0.000145612, 2.16193e-24
0.26559, 0.000151581, 2.09331e-24
0.26774, 0.000157794, 2.02688e-24
0.269908, 0.000164263, 1.96254e-24
0.272093, 0.000170998, 1.90026e-24
0.274296, 0.000178008, 1.83994e-24
0.276516, 0.000185307, 1.78156e-24
0.278755, 0.000192905, 1.72501e-24
0.281012, 0.000200816, 1.67026e-24
0.283287, 0.000209051, 1.61725e-24
0.28558, 0.000217624, 1.56593e-24
0.287892, 0.000226549, 1.51623e-24
0.290223, 0.000235841, 1.46811e-24
0.292572, 0.000245515, 1.42153e-24
0.294941, 0.000255585, 1.3764e-24
0.297329, 0.000266069, 1.33272e-24
0.299736, 0.000276984, 1.29042e-24
0.302162, 0.000288347, 1.24948e-24
0.304608, 0.000300177, 1.20982e-24
0.307074, 0.000312492, 1.17143e-24
0.30956, 0.000325314, 1.13425e-24
0.312066, 0.000338662, 1.09825e-24
0.314593, 0.000352558, 1.06339e-24
0.31714, 0.000367025, 1.02964e-24
0.319707, 0.000382086, 9.96967e-25
0.322295, 0.000397766, 9.6533e-25
0.324905, 0.000414091, 9.34684e-25
0.327535, 0.000431085, 9.05023e-25
0.330187, 0.000448778, 8.76296e-25
0.33286, 0.000467198, 8.48486e-25
0.335554, 0.000486374, 8.21565e-25
0.338271, 0.000506339, 7.95486e-25
0.341009, 0.000527123, 7.70245e-25
0.34377, 0.000548762, 7.45797e-25
0.346553, 0.000571289, 7.22128e-25
0.349359, 0.000594742, 6.99206e-25
0.352187, 0.000619159, 6.77017e-25
0.355038, 0.000644579, 6.55532e-25
0.357913, 0.000671043, 6.34722e-25
0.36081, 0.000698595, 6.14582e-25
0.363731, 0.000727279, 5.95077e-25
0.366676, 0.000757142, 5.76188e-25
0.369644, 0.000788231, 5.57905e-25
0.372637, 0.000820599, 5.40196e-25
0.375653, 0.000854296, 5.23055e-25
0.378695, 0.000889378, 5.06451e-25
0.38176, 0.000925902, 4.90381e-25
0.384851, 0.000963927, 4.74816e-25
0.387967, 0.00100351, 4.59745e-25
0.391108, 0.00104473, 4.45153e-25
0.394274, 0.00108764, 4.31026e-25
0.397466, 0.00113231, 4.17346e-25
0.400683, 0.00117882, 4.04104e-25
0.403927, 0.00122724, 3.91278e-25
0.407197, 0.00127765, 3.7886e-25
0.410494, 0.00133013, 3.66835e-25
0.413817, 0.00138477, 3.55193e-25
0.417167, 0.00144165, 3.43921e-25
0.420544, 0.00150087, 3.33006e-25
0.423949, 0.00156253, 3.22436e-25
0.427381, 0.00162672, 3.12203e-25
0.430841, 0.00169355, 3.02295e-25
0.434329, 0.00176313, 2.92701e-25
0.437845, 0.00183556, 2.83411e-25
0.44139, 0.00191098, 2.74416e-25
0.444963, 0.00198949, 2.65707e-25
0.448566, 0.00207123, 2.57273e-25
0.452197, 0.00215633, 2.49109e-25
0.455858, 0.00224493, 2.41202e-25
0.459548, 0.00233718, 2.33548e-25
0.463269, 0.00243321, 2.26135e-25
0.467019, 0.00253319, 2.18959e-25
0.4708, 0.00263729, 2.12009e-25
0.474611, 0.00274566, 2.05281e-25
0.478454, 0.00285849, 1.98765e-25
0.482327, 0.00297595, 1.92457e-25
0.486232, 0.00309825, 1.86349e-25
0.490168, 0.00322557, 1.80435e-25
0.494136, 0.00335813, 1.74709e-25
0.498137, 0.00349613, 1.69163e-25
0.50217, 0.00363982, 1.63794e-25
0.506235, 0.0037894, 1.58596e-25
0.510333, 0.00394514, 1.53563e-25
0.514465, 0.00410729, 1.48689e-25
0.51863, 0.00427609, 1.4397e-25
0.522828, 0.00445184, 1.39401e-25
0.527061, 0.00463482, 1.34977e-25
0.531328, 0.00482532, 1.30693e-25
0.535629, 0.00502365, 1.26545e-25
0.539966, 0.00523014, 1.22528e-25
0.544337, 0.00544511, 1.1864e-25
0.548744, 0.00566893, 1.14875e-25
0.553186, 0.00590195, 1.11229e-25
0.557665, 0.00614455, 1.07698e-25
0.562179, 0.00639713, 1.04281e-25
0.566731, 0.00666009, 1.00971e-25
0.571319, 0.00693386, 9.77662e-26
0.575944, 0.00721889, 9.46635e-26
0.580607, 0.00751565, 9.16589e-26
0.585307, 0.0078246, 8.87501e-26
0.590045, 0.00814626, 8.59337e-26
0.594822, 0.00848115, 8.32062e-26
0.599638, 0.00882981, 8.05652e-26
0.604492, 0.0091928, 7.80085e-26
0.609386, 0.00957072, 7.55326e-26
0.614319, 0.00996419, 7.31355e-26
0.619293, 0.0103738, 7.08141e-26
0.624306, 0.0108003, 6.85669e-26
0.62936, 0.0112443, 6.63908e-26
0.634456, 0.0117066, 6.42834e-26
0.639592, 0.0121879, 6.22433e-26
0.64477, 0.012689, 6.02678e-26
0.64999, 0.0132107, 5.8355e-26
0.655252, 0.0137539, 5.6503e-26
0.660556, 0.0143194, 5.471e-26
0.665904, 0.0149081, 5.29735e-26
0.671295, 0.0155211, 5.12922e-26
0.67673, 0.0161592, 4.96642e-26
0.682208, 0.0168236, 4.80882e-26
0.687731, 0.0175154, 4.65619e-26
0.693299, 0.0182355, 4.50841e-26
0.698912, 0.0189853, 4.36531e-26
0.70457, 0.019766, 4.22677e-26
0.710274, 0.0205787, 4.09263e-26
0.716024, 0.0214249, 3.96274e-26
0.721821, 0.0223059, 3.83696e-26
0.727664, 0.0232231, 3.7152e-26
0.733555, 0.024178, 3.59729e-26
0.739494, 0.0251722, 3.48311e-26
0.74548, 0.0262073, 3.37258e-26
0.751516, 0.0272849, 3.26553e-26
0.7576, 0.0284069, 3.16189e-26
0.763733, 0.029575, 3.06154e-26
0.769916, 0.0307912, 2.96437e-26
0.776149, 0.0320573, 2.87029e-26
0.782432, 0.0333756, 2.7792e-26
0.788767, 0.0347481, 2.69099e-26
0.795152, 0.036177, 2.60559e-26
0.801589, 0.0376647, 2.5229e-26
0.808079, 0.0392136, 2.44282e-26
0.814621, 0.0408262, 2.36529e-26
0.821216, 0.0425051, 2.29022e-26
0.827864, 0.044253, 2.21754e-26
0.834566, 0.0460729, 2.14716e-26
0.841322, 0.0479676, 2.07902e-26
0.848134, 0.0499402, 2.01302e-26
0.855, 0.051994, 1.94914e-26
0.861922, 0.0541323, 1.88727e-26
0.868899, 0.0563584, 1.82738e-26
0.875934, 0.0586762, 1.76938e-26
0.883025, 0.0610893, 1.71323e-26
0.890174, 0.0636016, 1.65885e-26
0.89738, 0.0662173, 1.60621e-26
0.904645, 0.0689406, 1.55523e-26
0.911969, 0.0717759, 1.50587e-26
0.919352, 0.0747278, 1.45808e-26
0.926795, 0.0778011, 1.4118e-26
0.934298, 0.0810008, 1.36699e-26
0.941861, 0.0843321, 1.32361e-26
0.949486, 0.0878005, 1.2816e-26
0.957173, 0.0914115, 1.24093e-26
0.964922, 0.0951711, 1.20154e-26
0.972734, 0.0990852, 1.16341e-26
0.980609, 0.10316, 1.12648e-26
0.988547, 0.107403, 1.09073e-26
0.99655, 0.111821, 1.05612e-26
1.00462, 0.11642, 1.02259e-26
1.01275, 0.121208, 9.90145e-27
1.02095, 0.126193, 9.58716e-27
1.02922, 0.131383, 9.28271e-27
1.03755, 0.136787, 8.98818e-27
1.04595, 0.142413, 8.7029e-27
1.05441, 0.14827, 8.42694e-27
1.06295, 0.154368, 8.15937e-27
1.07156, 0.160718, 7.90027e-27
1.08023, 0.167328, 7.64968e-27
1.08898, 0.17421, 7.40676e-27
1.09779, 0.181376, 7.17185e-27
1.10668, 0.188836, 6.94416e-27
1.11564, 0.196603, 6.72375e-27
1.12467, 0.204689, 6.5104e-27
1.13378, 0.213108, 6.30366e-27
1.14295, 0.221873, 6.10379e-27
1.15221, 0.230999, 5.90992e-27
1.16154, 0.2405, 5.72231e-27
1.17094, 0.250393, 5.54076e-27
1.18042, 0.260692, 5.3649e-27
1.18997, 0.271414, 5.19474e-27
1.19961, 0.282578, 5.02977e-27
1.20932, 0.294201, 4.87016e-27
1.21911, 0.306302, 4.7156e-27
1.22898, 0.318901, 4.56593e-27
1.23893, 0.332018, 4.42101e-27
1.24896, 0.345675, 4.2807e-27
1.25907, 0.359893, 4.14485e-27
1.26926, 0.374696, 4.01334e-27
1.27954, 0.390109, 3.88591e-27
1.2899, 0.406155, 3.76257e-27
1.30034, 0.422861, 3.64318e-27
1.31087, 0.440255, 3.52752e-27
1.32148, 0.458364, 3.41559e-27
1.33218, 0.477218, 3.30717e-27
1.34296, 0.496847, 3.20226e-27
1.35384, 0.517284, 3.10055e-27
1.3648, 0.538562, 3.00215e-27
1.37584, 0.560715, 2.90695e-27
1.38698, 0.583779, 2.81467e-27
1.39821, 0.607792, 2.72533e-27
1.40953, 0.632793, 2.63883e-27
1.42094, 0.658822, 2.55509e-27
1.43245, 0.685922, 2.47395e-27
1.44404, 0.714137, 2.39548e-27
1.45573, 0.743512, 2.31945e-27
1.46752, 0.774096, 2.24581e-27
1.4794, 0.805938, 2.17453e-27
1.49137, 0.839089, 2.10556e-27
1.50345, 0.873605, 2.0387e-27
1.51562, 0.90954, 1.974e-27
1.52789, 0.946954, 1.91135e-27
1.54026, 0.985906, 1.85069e-27
1.55273, 1.02646, 1.79195e-27
1.5653, 1.06868, 1.73508e-27
1.57797, 1.11264, 1.68002e-27
1.59075, 1.15841, 1.62668e-27
1.60362, 1.20606, 1.57508e-27
1.61661, 1.25568, 1.52506e-27
1.62969, 1.30733, 1.47669e-27
1.64289, 1.36111, 1.4298e-27
1.65619, 1.41709, 1.38442e-27
1.6696, 1.47539, 1.34048e-27
1.68311, 1.53608, 1.29795e-27
1.69674, 1.59927, 1.25675e-27
1.71047, 1.66505, 1.21688e-27
1.72432, 1.73354, 1.17825e-27
1.73828, 1.80486, 1.14085e-27
1.75235, 1.8791, 1.10465e-27
1.76654, 1.9564, 1.06958e-27
1.78084, 2.03687, 1.03564e-27
1.79526, 2.12066, 1.00277e-27
1.80979, 2.2079, 9.70949e-28
1.82444, 2.29872, 9.40136e-28
1.83921, 2.39328, 9.10299e-28
1.8541, 2.49173, 8.81407e-28
1.86911, 2.59423, 8.53434e-28
1.88425, 2.70095, 8.26333e-28
1.8995, 2.81206, 8.00114e-28
1.91488, 2.92773, 7.74717e-28
1.93038, 3.04817, 7.50132e-28
1.94601, 3.17356, 7.26322e-28
1.96176, 3.30411, 7.03276e-28
1.97764, 3.44003, 6.80958e-28
1.99365, 3.58154, 6.59346e-28
2.00979, 3.72887, 6.3842e-28
2.02606, 3.88226, 6.18159e-28
2.04247, 4.04197, 5.98531e-28
2.059, 4.20824, 5.79541e-28
2.07567, 4.38135, 5.61146e-28
2.09248, 4.56159, 5.4333e-28
2.10942, 4.74923, 5.26086e-28
2.12649, 4.9446, 5.09396e-28
2.14371, 5.14801, 4.93225e-28
2.16106, 5.35978, 4.77575e-28
2.17856, 5.58027, 4.62414e-28
2.19619, 5.80982, 4.47744e-28
2.21397, 6.04882, 4.33533e-28
2.2319, 6.29765, 4.19769e-28
2.24997, 6.55671, 4.06446e-28
2.26818, 6.82644, 3.93549e-28
2.28654, 7.10726, 3.81061e-28
2.30506, 7.39963, 3.68961e-28
2.32372, 7.70403, 3.57252e-28
2.34253, 8.02095, 3.45914e-28
2.36149, 8.35091, 3.34938e-28
2.38061, 8.69444, 3.24307e-28
2.39988, 9.05211, 3.14016e-28
2.41931, 9.42449, 3.04049e-28
2.4389, 9.81219, 2.94397e-28
2.45864, 10.2158, 2.85056e-28
2.47855, 10.6361, 2.76006e-28
2.49861, 11.0736, 2.67249e-28
2.51884, 11.5292, 2.58766e-28
2.53923, 12.0034, 2.50554e-28
2.55979, 12.4972, 2.42601e-28
2.58051, 13.0113, 2.34902e-28
2.6014, 13.5466, 2.27447e-28
2.62246, 14.1039, 2.20229e-28
2.64369, 14.6841, 2.13239e-28
2.6651, 15.2881, 2.06469e-28
2.68667, 15.9171, 1.99918e-28
2.70842, 16.5719, 1.93573e-28
2.73035, 17.2536, 1.87429e-28
2.75245, 17.9634, 1.81481e-28
2.77474, 18.7023, 1.7572e-28
2.7972, 19.4717, 1.70144e-28
2.81984, 20.2727, 1.64745e-28
2.84267, 21.1067, 1.59516e-28
2.86569, 21.975, 1.54452e-28
2.88889, 22.879, 1.4955e-28
2.91227, 23.8202, 1.44805e-28
2.93585, 24.8001, 1.40208e-28
2.95962, 25.8203, 1.35758e-28
2.98358, 26.8825, 1.31449e-28
3.00773, 27.9884, 1.27278e-28
3.03208, 29.1398, 1.23239e-28
3.05663, 30.3385, 1.19327e-28
3.08137, 31.5866, 1.1554e-28
3.10632, 32.886, 1.11873e-28
3.13147, 34.2389, 1.08322e-28
3.15682, 35.6474, 1.04884e-28
3.18238, 37.1138, 1.01555e-28
3.20814, 38.6406, 9.83323e-29
3.23411, 40.2302, 9.52117e-29
3.26029, 41.8852, 9.21902e-29
3.28669, 43.6083, 8.92636e-29
3.3133, 45.4023, 8.64304e-29
3.34012, 47.27, 8.36876e-29
3.36716, 49.2146, 8.10316e-29
3.39442, 51.2392, 7.84598e-29
3.4219, 53.3471, 7.59697e-29
3.4496, 55.5417, 7.35588e-29
3.47753, 57.8266, 7.12239e-29
3.50568, 60.2055, 6.89637e-29
3.53406, 62.6823, 6.6775e-29
3.56267, 65.2609, 6.46558e-29
3.59151, 67.9456, 6.26039e-29
3.62059, 70.7408, 6.06167e-29
3.6499, 73.6509, 5.86929e-29
3.67945, 76.6808, 5.683e-29
3.70924, 79.8353, 5.50262e-29
3.73927, 83.1196, 5.32798e-29
3.76954, 86.539, 5.15889e-29
3.80006, 90.0991, 4.99514e-29
3.83082, 93.8056, 4.83663e-29
3.86183, 97.6647, 4.68314e-29
3.8931, 101.682, 4.53448e-29
3.92461, 105.865, 4.3906e-29
3.95639, 110.221, 4.25122e-29
3.98842, 114.755, 4.11629e-29
4.0207, 119.476, 3.98568e-29
4.05325, 124.391, 3.85919e-29
4.08607, 129.508, 3.73668e-29
4.11915, 134.836, 3.61809e-29
4.1525, 140.383, 3.50325e-29
4.18611, 146.158, 3.39209e-29
4.22, 152.171, 3.28443e-29
4.25417, 158.431, 3.18017e-29
4.28861, 164.948, 3.07924e-29
4.32333, 171.734, 2.98151e-29
4.35833, 178.799, 2.88688e-29
4.39361, 186.154, 2.79527e-29
4.42918, 193.813, 2.70655e-29
4.46504, 201.786, 2.62065e-29
4.50118, 210.087, 2.53749e-29
4.53762, 218.73, 2.45695e-29
4.57436, 227.728, 2.37897e-29
4.61139, 237.096, 2.30347e-29
4.64872, 246.85, 2.23037e-29
4.68636, 257.005, 2.15957e-29
4.7243, 267.578, 2.09103e-29
4.76254, 278.586, 2.02467e-29
4.8011, 290.046, 1.96041e-29
4.83997, 301.978, 1.89819e-29
4.87915, 314.401, 1.83795e-29
4.91865, 327.335, 1.77961e-29
4.95847, 340.802, 1.72313e-29
4.99861, 354.822, 1.66845e-29
5.03908, 369.419, 1.61549e-29
5.07987, 384.616, 1.56423e-29
5.121, 400.439, 1.51457e-29
5.16246, 416.912, 1.4665e-29
5.20425, 434.063, 1.41996e-29
5.24638, 451.92, 1.3749e-29
5.28886, 470.512, 1.33126e-29
5.33167, 489.868, 1.28901e-29
5.37484, 510.02, 1.24809e-29
5.41835, 531.002, 1.20849e-29
5.46221, 552.847, 1.17014e-29
5.50643, 575.59, 1.133e-29
5.55101, 599.269, 1.09704e-29
5.59595, 623.922, 1.06222e-29
5.64125, 649.59, 1.02851e-29
5.68692, 676.313, 9.95867e-30
5.73296, 704.136, 9.6426e-30
5.77938, 733.103, 9.33651e-30
5.82616, 763.262, 9.04024e-30
5.87333, 794.662, 8.75331e-30
5.92088, 827.353, 8.47549e-30
5.96881, 861.389, 8.20651e-30
6.01713, 896.826, 7.94606e-30
6.06585, 933.72, 7.69384e-30
6.11495, 972.133, 7.44969e-30
6.16446, 1012.12, 7.21323e-30
6.21436, 1053.76, 6.98432e-30
6.26467, 1097.11, 6.76265e-30
6.31539, 1142.25, 6.548e-30
6.36652, 1189.24, 6.34018e-30
6.41806, 1238.16, 6.13896e-30
6.47002, 1289.1, 5.94411e-30
6.5224, 1342.13, 5.75546e-30
6.5752, 1397.34, 5.5728e-30
6.62843, 1454.83, 5.39594e-30
6.68209, 1514.68, 5.22469e-30
6.73619, 1576.99, 5.05886e-30
6.79072, 1641.87, 4.89831e-30
6.8457, 1709.41, 4.74284e-30
6.90112, 1779.73, 4.59231e-30
6.95699, 1852.95, 4.44656e-30
7.01331, 1929.18, 4.30544e-30
7.07009, 2008.54, 4.16879e-30
7.12732, 2091.17, 4.0365e-30
7.18502, 2177.2, 3.90839e-30
7.24319, 2266.77, 3.78434e-30
7.30183, 2360.02, 3.66423e-30
7.36094, 2457.11, 3.54794e-30
7.42053, 2558.19, 3.43534e-30
7.48061, 2663.43, 3.3263e-30
7.54117, 2773, 3.22073e-30
7.60222, 2887.08, 3.11852e-30
7.66377, 3005.85, 3.01953e-30
7.72581, 3129.51, 2.92371e-30
7.78835, 3258.26, 2.83092e-30
7.85141, 3392.3, 2.74106e-30
7.91497, 3531.85, 2.65407e-30
7.97905, 3677.15, 2.56983e-30
8.04364, 3828.42, 2.48828e-30
8.10876, 3985.92, 2.40931e-30
8.17441, 4149.9, 2.33284e-30
8.24058, 4320.62, 2.2588e-30
8.3073, 4498.37, 2.18711e-30
8.37455, 4683.42, 2.1177e-30
8.44235, 4876.1, 2.05048e-30
8.51069, 5076.69, 1.98541e-30
8.57959, 5285.54, 1.9224e-30
8.64905, 5502.98, 1.86138e-30
8.71907, 5729.37, 1.80231e-30
8.78966, 5965.07, 1.7451e-30
8.86082, 6210.47, 1.68972e-30
8.93255, 6465.96, 1.63609e-30
9.00487, 6731.96, 1.58416e-30
9.07777, 7008.91, 1.53389e-30
9.15126, 7297.25, 1.4852e-30
9.22534, 7597.45, 1.43807e-30
9.30003, 7910, 1.39243e-30
9.37532, 8235.41, 1.34823e-30
9.45122, 8574.21, 1.30544e-30
9.52773, 8926.94, 1.26401e-30
9.60486, 9294.19, 1.2239e-30
9.68262, 9676.54, 1.18505e-30
9.76101, 10074.6, 1.14744e-30
9.84003, 10489.1, 1.11103e-30
9.91969, 10920.6, 1.07576e-30
10, 11369.9, 1.04162e-30
